path,sha256
data/raw/附件1.xlsx,66B87134F5ECCCD68184D3539BB1293EF039F9E0FDD955A589B9BFA7F227C377
data/raw/附件2.xlsx,2E95FD446BFAFA0D8C59577B5C2E2EA8B3F1DEF20DDE54A3062556F4DA9B4C72
data/raw/附件3.xlsx,8A61B06C52BD0D639A1CC37C61A7D9F5B75EDCBCA718F64C1BD3498EC9F9D843
data/raw/附件4.xlsx,20E9C93AEAB5E8E21AE4DD15587F9E190F7408692504C1319598461CD654FE71
outputs/q1/result1.xlsx,60BCB1F31131EB51977F1A4D0C9230180439A90646CFE19BF28A9E12ECCC3FD3
outputs/q2/result2.xlsx,44CD3BFF98B9F442932C1154B65DFC898EB0A5827CE0A40A6C6E903B917642CE
outputs/q3/result3.xlsx,987E612DC8973325824687F516C7C5143C507CE03EA4B03B2DE57AE82445A5F9
outputs/q4/result4-2.xlsx,A833E82D86B6CA4E88112A2F1A076E5C7134C3EB49DA7DAF79AAAFAEFBAAF08F
outputs/q4/result4-3.xlsx,502D636C2F91B87813880A29B94D6115935B6FB0315570EE5ED26764F2972E49
