date,policy,initial_soc_kwh,terminal_soc_kwh,expected_scenario_emergency_cost_yuan,scenario_cvar_yuan,max_planning_residual
2025-02-01,B1,4910.116222222223,1396.4820788373684,,,0.0
2025-02-01,B3,4910.116222222223,1375.8562421791664,1313.745680446571,,1.8189894035458565e-12
2025-02-01,B4,4910.116222222223,1375.8562421791664,641.373076778519,5074.447811394242,1.8189894035458565e-12
2025-02-02,B1,1396.4820788373684,1244.7245993418205,,,0.0
2025-02-02,B3,1375.8562421791664,1242.8746530996539,3851.186673853578,,1.0459189070388675e-11
2025-02-02,B4,1375.8562421791664,1249.1433096614921,3653.859295084771,39369.083552149576,1.8189894035458565e-12
2025-02-03,B1,1244.7245993418205,1272.4803984207929,,,0.0
2025-02-03,B3,1242.8746530996539,1200.0,4429.55886174341,,3.979039320256561e-12
2025-02-03,B4,1249.1433096614921,1200.0,741.0704800908213,6185.958353353611,1.8189894035458565e-12
2025-02-04,B1,1272.4803984207929,1291.3431784406032,,,0.0
2025-02-04,B3,1200.0,1279.3582041515235,5605.145913821982,,1.8189894035458565e-12
2025-02-04,B4,1200.0,1258.2668961143193,3434.490545314271,24684.10030033215,1.8189894035458565e-12
2025-02-05,B1,1291.3431784406032,1200.0,,,0.0
2025-02-05,B3,1279.3582041515235,1248.7105900487754,4377.875322302724,,5.6843418860808015e-12
2025-02-05,B4,1258.2668961143193,1248.7105900487754,1115.3836700751756,10386.108610378931,1.8189894035458565e-12
2025-02-06,B1,1200.0,1224.277654258047,,,0.0
2025-02-06,B3,1248.7105900487754,1278.8145714431273,4416.835555337244,,7.958078640513122e-12
2025-02-06,B4,1248.7105900487754,1333.7930100585847,1115.9860642523022,10408.63269826459,1.8189894035458565e-12
2025-02-07,B1,1224.277654258047,1200.0,,,0.0
2025-02-07,B3,1278.8145714431273,1222.2716554396275,3623.9863491172623,,9.663381206337363e-12
2025-02-07,B4,1333.7930100585847,1225.954835333807,849.6496367112262,7745.707012845664,1.8189894035458565e-12
2025-02-08,B1,1200.0,1200.0,,,0.0
2025-02-08,B3,1222.2716554396275,1231.4072425818067,4856.45793505351,,5.4569682106375694e-12
2025-02-08,B4,1225.954835333807,1233.7379144590336,2353.2377815199916,16782.665782826483,1.8189894035458565e-12
2025-02-09,B1,1200.0,1200.0,,,0.0
2025-02-09,B3,1231.4072425818067,1200.0,5088.261709142371,,3.54702933691442e-11
2025-02-09,B4,1233.7379144590336,1200.0,3306.2438193066446,27643.487735945968,1.8189894035458565e-12
2025-02-10,B1,1200.0,1200.0,,,0.0
2025-02-10,B3,1200.0,1200.0,5448.815020991209,,8.412825991399586e-12
2025-02-10,B4,1200.0,1200.0,3007.0518661224473,22614.42430704497,1.8189894035458565e-12
2025-02-11,B1,1200.0,1200.0,,,0.0
2025-02-11,B3,1200.0,1200.0,4394.708910786578,,6.0254023992456496e-12
2025-02-11,B4,1200.0,1200.0,1109.5124992848373,10345.630405207025,1.8189894035458565e-12
2025-02-12,B1,1200.0,1200.0,,,0.0
2025-02-12,B3,1200.0,1208.1366934633963,5456.484569105926,,4.4792614062316716e-11
2025-02-12,B4,1200.0,1200.0,3207.147357045453,24988.656676521772,1.8189894035458565e-12
2025-02-13,B1,1200.0,1200.0,,,0.0
2025-02-13,B3,1208.1366934633963,1212.9266642142427,5366.215209294491,,2.546585164964199e-11
2025-02-13,B4,1200.0,1200.0,2965.906671284171,22303.362653410244,1.8189894035458565e-12
2025-02-14,B1,1200.0,1200.0,,,0.0
2025-02-14,B3,1212.9266642142427,1200.0,3891.7307322355837,,1.8189894035458565e-12
2025-02-14,B4,1200.0,1200.0,1859.8537090397072,14312.828600066428,1.8189894035458565e-12
2025-02-15,B1,1200.0,1200.0,,,0.0
2025-02-15,B3,1200.0,1200.0,4116.03452663949,,2.9558577807620168e-12
2025-02-15,B4,1200.0,1200.0,2030.8611374481434,15344.410475018965,1.8189894035458565e-12
2025-02-16,B1,1200.0,1200.0,,,0.0
2025-02-16,B3,1200.0,1200.0,4412.8839077394805,,7.617018127348274e-12
2025-02-16,B4,1200.0,1200.0,1002.2737790720645,8956.55367877159,1.8189894035458565e-12
2025-02-17,B1,1200.0,1200.0,,,0.0
2025-02-17,B3,1200.0,1236.7747229176036,4245.175526335991,,4.9112713895738125e-11
2025-02-17,B4,1200.0,1237.6192101473305,3782.3834555886315,39586.42941199255,1.8189894035458565e-12
2025-02-18,B1,1200.0,1200.0,,,0.0
2025-02-18,B3,1236.7747229176036,1200.0,4408.24659466277,,7.73070496506989e-12
2025-02-18,B4,1237.6192101473305,1200.0,1100.2205100817155,10278.926288939214,1.8189894035458565e-12
2025-02-19,B1,1200.0,1200.0,,,0.0
2025-02-19,B3,1200.0,1200.0,5604.665186443915,,7.503331289626658e-12
2025-02-19,B4,1200.0,1200.0,3272.074761865587,26677.990284623433,1.8189894035458565e-12
2025-02-20,B1,1200.0,1200.0,,,0.0
2025-02-20,B3,1200.0,1200.0,5231.317726175352,,2.6716406864579767e-11
2025-02-20,B4,1200.0,1200.0,3414.8442840447688,27583.01211422523,9.094947017729282e-13
2025-02-21,B1,1200.0,1200.0,,,0.0
2025-02-21,B3,1200.0,1200.0,1492.4440334895096,,1.8189894035458565e-12
2025-02-21,B4,1200.0,1200.0,1428.7247756951872,26614.531056049032,1.8189894035458565e-12
2025-02-22,B1,1200.0,1200.0,,,0.0
2025-02-22,B3,1200.0,1200.0,1334.7585014722242,,2.0463630789890885e-12
2025-02-22,B4,1200.0,1200.0,1185.4594616328798,22888.844719992663,1.8189894035458565e-12
2025-02-23,B1,1200.0,1200.0,,,0.0
2025-02-23,B3,1200.0,1200.0,3853.826610641367,,5.911715561524034e-11
2025-02-23,B4,1200.0,1200.0,3461.403888025645,37092.1342430362,1.8189894035458565e-12
2025-02-24,B1,1200.0,1200.0,,,0.0
2025-02-24,B3,1200.0,1207.4590426623765,5730.6832503828955,,3.637978807091713e-12
2025-02-24,B4,1200.0,1207.4590426623765,3303.1911929357702,25625.715243038827,1.8189894035458565e-12
2025-02-25,B1,1200.0,1200.0,,,0.0
2025-02-25,B3,1207.4590426623765,1200.0,3706.653002637333,,2.2498625185107812e-10
2025-02-25,B4,1207.4590426623765,1211.8737445602565,3123.108562765534,32577.545905722138,1.8189894035458565e-12
2025-02-26,B1,1200.0,1200.0,,,0.0
2025-02-26,B3,1200.0,1232.8052282427639,2722.303658019953,,4.9112713895738125e-11
2025-02-26,B4,1211.8737445602565,1211.7398146975304,2104.817499377914,37734.13725014395,5.4569682106375694e-12
2025-02-27,B1,1200.0,1200.0,,,0.0
2025-02-27,B3,1232.8052282427639,1248.434137918108,4547.877555909286,,1.0913936421275139e-11
2025-02-27,B4,1211.7398146975304,1248.434137918108,3847.8083457866724,37858.52871408826,1.8189894035458565e-12
2025-02-28,B1,1200.0,1200.0,,,0.0
2025-02-28,B3,1248.434137918108,1223.5288815284898,1441.4257451198282,,1.8189894035458565e-12
2025-02-28,B4,1248.434137918108,1223.5288815284898,1337.922771094004,24976.962547475734,1.8189894035458565e-12
2025-03-01,B1,1200.0,1200.0,,,0.0
2025-03-01,B3,1223.5288815284898,1229.5025450959508,1411.5490277000806,,1.8189894035458565e-12
2025-03-01,B4,1223.5288815284898,1214.478675832923,1308.6669117094336,24290.865887341908,1.8189894035458565e-12
2025-03-02,B1,1200.0,1200.0,,,0.0
2025-03-02,B3,1229.5025450959508,1200.0,2527.544351716176,,7.275957614183426e-12
2025-03-02,B4,1214.478675832923,1200.0,2135.3984034311848,34872.4647828613,1.8189894035458565e-12
2025-03-03,B1,1200.0,1200.0,,,0.0
2025-03-03,B3,1200.0,1200.0,342.04771027243453,,5.786660040030256e-11
2025-03-03,B4,1200.0,1200.0,139.56559622771758,2507.644853873517,1.8189894035458565e-12
2025-03-04,B1,1200.0,1200.0,,,0.0
2025-03-04,B3,1200.0,1200.0,788.7983596435713,,2.2851054382044822e-11
2025-03-04,B4,1200.0,1200.0,655.7307658913874,10347.463922937706,1.8189894035458565e-12
2025-03-05,B1,1200.0,1200.0,,,0.0
2025-03-05,B3,1200.0,1200.0,358.6379855825199,,1.9417711882852018e-10
2025-03-05,B4,1200.0,1200.0,151.98697779437657,2602.0670789598153,1.8189894035458565e-12
2025-03-06,B1,1200.0,1200.0,,,0.0
2025-03-06,B3,1200.0,1200.0,345.3713370233303,,1.2278178473934531e-11
2025-03-06,B4,1200.0,1200.0,154.3362072769783,2623.2536180952125,3.637978807091713e-12
2025-03-07,B1,1200.0,1200.0,,,0.0
2025-03-07,B3,1200.0,1216.5705264593084,222.92095133469752,,1.3017142919125035e-11
2025-03-07,B4,1200.0,1216.3111385796815,181.0494319917251,823.8411682297316,1.8189894035458565e-12
2025-03-08,B1,1200.0,1200.0,,,0.0
2025-03-08,B3,1216.5705264593084,1200.0,2331.505301227722,,1.1095835361629725e-10
2025-03-08,B4,1216.3111385796815,1200.0,2191.9451955636277,22603.10347176072,1.8189894035458565e-12
2025-03-09,B1,1200.0,1200.0,,,0.0
2025-03-09,B3,1200.0,1200.0,5575.69402096788,,1.0686562745831907e-11
2025-03-09,B4,1200.0,1200.0,2587.1540889769053,20928.609958906276,1.8189894035458565e-12
2025-03-10,B1,1200.0,1200.0,,,0.0
2025-03-10,B3,1200.0,1201.9623549779908,800.7059145347479,,3.865352482534945e-12
2025-03-10,B4,1200.0,1201.9623549779908,639.2769723692577,9565.558748133433,1.8189894035458565e-12
2025-03-11,B1,1200.0,1200.0,,,0.0
2025-03-11,B3,1201.9623549779908,1294.9363740078202,1143.3509768324918,,3.8767211663071066e-11
2025-03-11,B4,1201.9623549779908,1284.6348604978184,1015.2464298380909,10178.20002454719,1.8189894035458565e-12
2025-03-12,B1,1200.0,1200.0,,,0.0
2025-03-12,B3,1294.9363740078202,1223.0638338464462,652.7324252199406,,5.6843418860808015e-12
2025-03-12,B4,1284.6348604978184,1222.1811577369767,481.3058346379334,6921.499356243564,3.637978807091713e-12
2025-03-13,B1,1200.0,1200.0,,,0.0
2025-03-13,B3,1223.0638338464462,1211.8737445602562,1028.5255063578288,,8.58335624798201e-11
2025-03-13,B4,1222.1811577369767,1211.8737445602562,961.5217397409768,10003.367929346436,5.4569682106375694e-12
2025-03-14,B1,1200.0,1200.0,,,0.0
2025-03-14,B3,1211.8737445602562,1213.792218221254,208.49227806880728,,1.8189894035458565e-12
2025-03-14,B4,1211.8737445602562,1206.6877649695527,155.71983009161784,745.5649664830274,1.8189894035458565e-12
2025-03-15,B1,1200.0,1200.0,,,0.0
2025-03-15,B3,1213.792218221254,1200.0,2214.985862791058,,1.8189894035458565e-12
2025-03-15,B4,1206.6877649695527,1200.0,2167.056392981607,21908.94502520989,1.8189894035458565e-12
2025-03-16,B1,1200.0,1200.0,,,0.0
2025-03-16,B3,1200.0,1200.0,2222.3107983106843,,1.8189894035458565e-11
2025-03-16,B4,1200.0,1200.0,2104.151441688264,30343.746149600505,1.8189894035458565e-12
2025-03-17,B1,1200.0,1200.0,,,0.0
2025-03-17,B3,1200.0,1209.2970357659203,1304.6765382379049,,1.3642420526593924e-11
2025-03-17,B4,1200.0,1209.2970357659203,1228.280181452242,15988.45153166153,1.8189894035458565e-12
2025-03-18,B1,1200.0,1200.0,,,0.0
2025-03-18,B3,1209.2970357659203,1200.0,1103.1830218654254,,2.1600499167107046e-11
2025-03-18,B4,1209.2970357659203,1200.0,1017.1518146343647,16868.70010774615,1.8189894035458565e-12
2025-03-19,B1,1200.0,1233.1498409932817,,,0.0
2025-03-19,B3,1200.0,1219.186089058673,262.52445418834003,,1.0913936421275139e-11
2025-03-19,B4,1200.0,1215.4068495376448,172.58450373941946,3074.4738946469947,1.8189894035458565e-12
2025-03-20,B1,1233.1498409932817,1200.0,,,0.0
2025-03-20,B3,1219.186089058673,1207.435702564268,1590.9297918526563,,8.481038094032556e-11
2025-03-20,B4,1215.4068495376448,1207.435702564268,1033.954173157082,10955.42402187278,1.8189894035458565e-12
2025-03-21,B1,1200.0,1200.0,,,0.0
2025-03-21,B3,1207.435702564268,1200.0,213.6599476196768,,1.8189894035458565e-12
2025-03-21,B4,1207.435702564268,1200.0,137.35458244503533,711.3274640490201,5.4569682106375694e-12
2025-03-22,B1,1200.0,1308.767286566608,,,0.0
2025-03-22,B3,1200.0,1312.4246021493811,301.6027002256637,,1.8189894035458565e-12
2025-03-22,B4,1200.0,1288.087978848432,189.48455033273692,1564.587877146715,1.8189894035458565e-12
2025-03-23,B1,1308.767286566608,1200.0,,,0.0
2025-03-23,B3,1312.4246021493811,1219.7022384064903,2333.564082063337,,2.0236257114447653e-10
2025-03-23,B4,1288.087978848432,1229.9804795313394,2226.2001507599716,33364.960440169445,3.637978807091713e-12
2025-03-24,B1,1200.0,1200.0,,,0.0
2025-03-24,B3,1219.7022384064903,1200.0,445.35003747433234,,5.616129783447832e-11
2025-03-24,B4,1229.9804795313394,1200.0,286.6014989899299,2974.9193008708194,1.8189894035458565e-12
2025-03-25,B1,1200.0,1200.0,,,0.0
2025-03-25,B3,1200.0,1238.2723189357532,1212.0633560649023,,1.48929757415317e-11
2025-03-25,B4,1200.0,1222.6516577949135,825.4796673133228,10634.655339666117,1.8189894035458565e-12
2025-03-26,B1,1200.0,1200.0,,,0.0
2025-03-26,B3,1238.2723189357532,1200.0,1158.3117978371945,,3.558398020686582e-11
2025-03-26,B4,1222.6516577949135,1200.0,734.1240311532491,8753.968900664175,1.8189894035458565e-12
2025-03-27,B1,1200.0,1200.0,,,0.0
2025-03-27,B3,1200.0,1200.0,1558.0898039091073,,5.6274984672199935e-12
2025-03-27,B4,1200.0,1200.0,1044.8901122782404,10927.272580488425,1.8189894035458565e-12
2025-03-28,B1,1200.0,1200.0,,,0.0
2025-03-28,B3,1200.0,1200.0,206.19339390176657,,1.8189894035458565e-12
2025-03-28,B4,1200.0,1200.0,92.92473029050903,852.540901844836,1.8189894035458565e-12
2025-03-29,B1,1200.0,1200.0,,,0.0
2025-03-29,B3,1200.0,1205.655141107789,1362.1169129645566,,1.8189894035458565e-12
2025-03-29,B4,1200.0,1205.655141107789,1193.2834873949525,21254.408993646906,1.8189894035458565e-12
2025-03-30,B1,1200.0,1200.0,,,0.0
2025-03-30,B3,1205.655141107789,1200.0,2319.039565500604,,1.8189894035458565e-11
2025-03-30,B4,1205.655141107789,1200.0,1885.9948944100142,31087.468102964816,1.8189894035458565e-12
2025-03-31,B1,1200.0,1200.0,,,0.0
2025-03-31,B3,1200.0,1251.127068795534,1429.115403108654,,5.047695594839752e-11
2025-03-31,B4,1200.0,1251.127068795534,829.4341840183077,9250.797076372308,1.8189894035458565e-12
2025-04-01,B1,1200.0,1200.0,,,0.0
2025-04-01,B3,1251.127068795534,1200.0,810.3282749590849,,2.2737367544323206e-12
2025-04-01,B4,1251.127068795534,1200.0,510.26505561898836,6517.735331577747,1.8189894035458565e-12
2025-04-02,B1,1200.0,1200.0,,,0.0
2025-04-02,B3,1200.0,1231.094555665172,900.3600932421735,,1.0231815394945443e-11
2025-04-02,B4,1200.0,1231.094555665172,383.5255562894458,4818.72785181572,1.8189894035458565e-12
2025-04-03,B1,1200.0,1200.0,,,0.0
2025-04-03,B3,1231.094555665172,1231.094555665172,1101.46172916723,,7.73070496506989e-12
2025-04-03,B4,1231.094555665172,1231.094555665172,644.0915386647207,5015.527135784044,7.275957614183426e-12
2025-04-04,B1,1200.0,1200.0,,,0.0
2025-04-04,B3,1231.094555665172,1260.9845240330972,282.61385704883446,,3.637978807091713e-12
2025-04-04,B4,1231.094555665172,1260.9845240330972,223.95186697565276,1169.115131537516,1.8189894035458565e-12
2025-04-05,B1,1200.0,1200.0,,,0.0
2025-04-05,B3,1260.9845240330972,1200.0,1204.1244070966577,,1.8189894035458565e-12
2025-04-05,B4,1260.9845240330972,1200.0,1106.9313266102474,20764.040424562343,1.8189894035458565e-12
2025-04-06,B1,1200.0,1200.0,,,0.0
2025-04-06,B3,1200.0,1206.0872803289806,2175.380491073793,,3.2741809263825417e-11
2025-04-06,B4,1200.0,1206.0872803289806,1859.672335651562,29837.086723784578,1.8189894035458565e-12
2025-04-07,B1,1200.0,1200.0,,,0.0
2025-04-07,B3,1206.0872803289806,1200.0,758.434071468967,,5.115907697472721e-12
2025-04-07,B4,1206.0872803289806,1200.0,495.69796322765353,5522.765850436819,1.8189894035458565e-12
2025-04-08,B1,1200.0,1200.0,,,0.0
2025-04-08,B3,1200.0,1200.0,721.9039983224336,,1.4006218407303095e-10
2025-04-08,B4,1200.0,1200.0,511.8417273981875,5693.057388237911,1.8189894035458565e-12
2025-04-09,B1,1200.0,1200.0,,,0.0
2025-04-09,B3,1200.0,1200.0,926.9345127874429,,1.750777300912887e-11
2025-04-09,B4,1200.0,1200.0,726.7603061626097,8572.036666781058,1.8189894035458565e-12
2025-04-10,B1,1200.0,1200.0,,,0.0
2025-04-10,B3,1200.0,1219.9866387015659,910.5807282280332,,1.007265382213518e-10
2025-04-10,B4,1200.0,1212.8625361769666,697.1734738593686,4331.399568947424,3.637978807091713e-12
2025-04-11,B1,1200.0,1200.0,,,0.0
2025-04-11,B3,1219.9866387015659,1200.0,167.69112887589705,,1.8189894035458565e-12
2025-04-11,B4,1212.8625361769666,1200.0,138.28941196144268,673.5225207993558,1.8189894035458565e-12
2025-04-12,B1,1200.0,1200.0,,,0.0
2025-04-12,B3,1200.0,1200.0,1030.3225480351205,,1.8189894035458565e-12
2025-04-12,B4,1200.0,1200.0,919.4361312790084,17898.76424910271,1.8189894035458565e-12
2025-04-13,B1,1200.0,1200.0,,,0.0
2025-04-13,B3,1200.0,1202.5740491417714,3184.7172654398096,,1.8189894035458565e-12
2025-04-13,B4,1200.0,1202.5740491417714,3091.2803590359545,31341.730284152567,1.8189894035458565e-12
2025-04-14,B1,1200.0,1200.0,,,0.0
2025-04-14,B3,1202.5740491417714,1224.4971851281098,892.2671247942917,,5.9117155615240335e-12
2025-04-14,B4,1202.5740491417714,1224.4971851281098,689.208665243739,4281.664697026058,1.8189894035458565e-12
2025-04-15,B1,1200.0,1200.0,,,0.0
2025-04-15,B3,1224.4971851281098,1246.3814130193796,825.516383751034,,8.768097359279636e-11
2025-04-15,B4,1224.4971851281098,1237.942235281428,374.79332183421644,2961.845179605257,1.8189894035458565e-12
2025-04-16,B1,1200.0,1200.0,,,0.0
2025-04-16,B3,1246.3814130193796,1200.0,584.8078623322879,,1.0231815394945443e-11
2025-04-16,B4,1237.942235281428,1200.0,513.309535075416,5355.763889780083,1.8189894035458565e-12
2025-04-17,B1,1200.0,1200.0,,,0.0
2025-04-17,B3,1200.0,1200.0,821.7514483332536,,8.043343768804334e-12
2025-04-17,B4,1200.0,1200.0,589.1067259905874,6249.609049893862,1.8189894035458565e-12
2025-04-18,B1,1200.0,1213.505750459329,,,0.0
2025-04-18,B3,1200.0,1259.2939757230836,244.08818349874883,,1.8189894035458565e-12
2025-04-18,B4,1200.0,1287.523936884199,222.39542429537488,925.2117663123968,1.8189894035458565e-12
2025-04-19,B1,1213.505750459329,1200.0,,,0.0
2025-04-19,B3,1259.2939757230836,1200.0,99.07842532143856,,1.8189894035458565e-12
2025-04-19,B4,1287.523936884199,1200.0,97.90482058701646,820.8716821213945,1.8189894035458565e-12
2025-04-20,B1,1200.0,1200.0,,,0.0
2025-04-20,B3,1200.0,1200.0,2699.4661812493932,,1.0345502232667059e-11
2025-04-20,B4,1200.0,1200.0,1983.3963013080006,31636.995208477216,1.8189894035458565e-12
2025-04-21,B1,1200.0,1200.0,,,0.0
2025-04-21,B3,1200.0,1220.4995405700404,893.9344698405826,,1.524540493846871e-10
2025-04-21,B4,1200.0,1220.4995405700404,759.6018973478651,5933.597932940214,2.2737367544323206e-12
2025-04-22,B1,1200.0,1200.0,,,0.0
2025-04-22,B3,1220.4995405700404,1200.0,713.2443888496089,,1.4779288903810084e-11
2025-04-22,B4,1220.4995405700404,1200.0,262.6725394462556,2316.4095748758928,1.8189894035458565e-12
2025-04-23,B1,1200.0,1239.4712731010072,,,0.0
2025-04-23,B3,1200.0,1247.5184307151103,641.6667859952333,,1.659827830735594e-11
2025-04-23,B4,1200.0,1244.5959487345974,480.5437683513666,5136.246770245299,1.8189894035458565e-12
2025-04-24,B1,1239.4712731010072,1200.0,,,0.0
2025-04-24,B3,1247.5184307151103,1200.0,622.564632250383,,1.4210854715202004e-11
2025-04-24,B4,1244.5959487345974,1200.0,487.72626016166174,6407.528973823855,3.637978807091713e-12
2025-04-25,B1,1200.0,1200.0,,,0.0
2025-04-25,B3,1200.0,1222.5182422807147,188.6225949847055,,9.094947017729282e-13
2025-04-25,B4,1200.0,1222.5182422807147,131.71342269161633,985.2757095795239,1.8189894035458565e-12
2025-04-26,B1,1200.0,1200.0,,,0.0
2025-04-26,B3,1222.5182422807147,1200.0,1929.983597856711,,9.094947017729282e-13
2025-04-26,B4,1222.5182422807147,1205.8511681396253,1824.4915647105056,18902.982888671428,1.8189894035458565e-12
2025-04-27,B1,1200.0,1200.0,,,0.0
2025-04-27,B3,1200.0,1200.0,2075.0193101476425,,8.412825991399586e-12
2025-04-27,B4,1205.8511681396253,1200.0,1865.317301412982,30643.8616982133,1.8189894035458565e-12
2025-04-28,B1,1200.0,1200.0,,,0.0
2025-04-28,B3,1200.0,1237.4117307878837,796.0150137048445,,9.094947017729282e-12
2025-04-28,B4,1200.0,1226.3766213631102,576.9981622587509,6040.297935264,1.8189894035458565e-12
2025-04-29,B1,1200.0,1200.0,,,0.0
2025-04-29,B3,1237.4117307878837,1229.4408615021282,857.801355611235,,8.742517820792273e-11
2025-04-29,B4,1226.3766213631102,1220.298630655015,441.2248263770817,3674.9324445177876,3.637978807091713e-12
2025-04-30,B1,1200.0,1200.0,,,0.0
2025-04-30,B3,1229.4408615021282,1200.0,1191.5857493212995,,3.9108272176235914e-11
2025-04-30,B4,1220.298630655015,1200.0,574.056764235873,5040.688178908338,1.8189894035458565e-12
2025-05-01,B1,1200.0,1200.0,,,0.0
2025-05-01,B3,1200.0,1200.0,1236.5697075704534,,1.5006662579253316e-11
2025-05-01,B4,1200.0,1200.0,493.45009575637795,7329.996197471248,1.8189894035458565e-12
2025-05-02,B1,1200.0,1200.0,,,0.0
2025-05-02,B3,1200.0,1200.0,220.0260704501242,,1.8189894035458565e-12
2025-05-02,B4,1200.0,1200.0,190.48700938650464,861.188734679123,1.8189894035458565e-12
2025-05-03,B1,1200.0,1200.0,,,0.0
2025-05-03,B3,1200.0,1200.0,1147.627016695948,,1.8189894035458565e-12
2025-05-03,B4,1200.0,1200.0,1062.2287339458642,20560.50817184243,1.8189894035458565e-12
2025-05-04,B1,1200.0,1200.0,,,0.0
2025-05-04,B3,1200.0,1200.0,1316.7038505427777,,1.2505552149377763e-11
2025-05-04,B4,1200.0,1200.0,601.3351604994491,7296.971720027725,1.8189894035458565e-12
2025-05-05,B1,1200.0,1200.0,,,0.0
2025-05-05,B3,1200.0,1200.0,2039.0055009979249,,1.0686562745831907e-11
2025-05-05,B4,1200.0,1200.0,1809.3559865256873,12479.438347218704,3.865352482534945e-12
2025-05-06,B1,1200.0,1200.0,,,0.0
2025-05-06,B3,1200.0,1200.0,2813.8770819875317,,4.320099833421409e-12
2025-05-06,B4,1200.0,1200.0,2189.903632489959,23718.6174429133,3.637978807091713e-12
2025-05-07,B1,1200.0,1200.0,,,0.0
2025-05-07,B3,1200.0,1200.0,2370.1971322919926,,7.958078640513122e-12
2025-05-07,B4,1200.0,1200.0,1682.542479721148,20667.077117272507,1.8189894035458565e-12
2025-05-08,B1,1200.0,1200.0,,,0.0
2025-05-08,B3,1200.0,1200.0,2027.1630987716903,,7.844391802791506e-12
2025-05-08,B4,1200.0,1200.0,1704.1324215752115,19814.085160409493,1.8189894035458565e-12
2025-05-09,B1,1200.0,1200.0,,,0.0
2025-05-09,B3,1200.0,1245.470703322684,1139.056864135398,,1.8189894035458565e-12
2025-05-09,B4,1200.0,1253.4361337534785,332.60058015577414,2456.3116004497188,1.8189894035458565e-12
2025-05-10,B1,1200.0,1200.0,,,0.0
2025-05-10,B3,1245.470703322684,1209.6562202978532,2541.1623945732495,,3.410605131648481e-12
2025-05-10,B4,1253.4361337534785,1231.8595497416377,1005.8806446814532,10099.616479067783,1.8189894035458565e-12
2025-05-11,B1,1200.0,1200.0,,,0.0
2025-05-11,B3,1209.6562202978532,1200.0,1200.8056501358797,,1.7280399333685637e-11
2025-05-11,B4,1231.8595497416377,1200.0,1002.17286145579,13117.778262722222,1.8189894035458565e-12
2025-05-12,B1,1200.0,1200.0,,,0.0
2025-05-12,B3,1200.0,1245.470703322684,1446.230907131034,,3.637978807091713e-12
2025-05-12,B4,1200.0,1245.470703322684,1031.1714040202191,8906.202721421967,1.8189894035458565e-12
2025-05-13,B1,1200.0,1200.0,,,0.0
2025-05-13,B3,1245.470703322684,1304.6911789535116,1537.2124154312087,,5.2295945351943374e-11
2025-05-13,B4,1245.470703322684,1236.3184248774437,964.39727060598,5784.247475291289,1.8189894035458565e-12
2025-05-14,B1,1200.0,1329.2823325177906,,,0.0
2025-05-14,B3,1304.6911789535116,1214.8957920577661,2612.1254785203014,,8.981260180007666e-12
2025-05-14,B4,1236.3184248774437,1316.7961251352838,1687.4747830387307,19924.287178259685,1.8189894035458565e-12
2025-05-15,B1,1329.2823325177906,1414.9402783842124,,,0.0
2025-05-15,B3,1214.8957920577661,1604.439548098693,2518.711575881097,,6.821210263296962e-12
2025-05-15,B4,1316.7961251352838,1608.1075872460387,1680.1740710172019,20829.631148966004,1.8189894035458565e-12
2025-05-16,B1,1414.9402783842124,1200.0,,,0.0
2025-05-16,B3,1604.439548098693,1200.0,1196.7066736941347,,1.8189894035458565e-12
2025-05-16,B4,1608.1075872460387,1200.0,267.4804266851313,2124.5785725356486,1.8189894035458565e-12
2025-05-17,B1,1200.0,1200.0,,,0.0
2025-05-17,B3,1200.0,1200.0,2584.3386817660003,,1.8189894035458565e-12
2025-05-17,B4,1200.0,1200.0,1125.1917453916903,9459.416012591613,1.8189894035458565e-12
2025-05-18,B1,1200.0,1231.6307011477925,,,0.0
2025-05-18,B3,1200.0,1264.0310381669553,2659.7219726846015,,1.0174971976084635e-11
2025-05-18,B4,1200.0,1228.735894477659,1716.0743704680642,24128.839086606615,1.8189894035458565e-12
2025-05-19,B1,1231.6307011477925,1200.0,,,0.0
2025-05-19,B3,1264.0310381669553,1200.0,1821.6703282868411,,8.412825991399586e-12
2025-05-19,B4,1228.735894477659,1200.0,1544.4289997106755,11829.991076956254,1.8189894035458565e-12
2025-05-20,B1,1200.0,1200.0,,,0.0
2025-05-20,B3,1200.0,1200.0,1740.7818722707898,,7.275957614183426e-12
2025-05-20,B4,1200.0,1200.0,1154.2294011656081,8854.036562953022,1.8189894035458565e-12
2025-05-21,B1,1200.0,1200.0,,,0.0
2025-05-21,B3,1200.0,1201.5704522241251,2663.596469046681,,1.375610736431554e-11
2025-05-21,B4,1200.0,1201.5704522241251,1218.3208450934465,7684.234082963011,1.8189894035458565e-12
2025-05-22,B1,1200.0,1200.0,,,0.0
2025-05-22,B3,1201.5704522241251,1227.4684263504364,2170.63614263608,,2.05773176276125e-11
2025-05-22,B4,1201.5704522241251,1227.4684263504364,1884.8313953598788,23211.11967438689,1.8189894035458565e-12
2025-05-23,B1,1200.0,1200.0,,,0.0
2025-05-23,B3,1227.4684263504364,1246.6751605589823,181.19804271282064,,1.8189894035458565e-12
2025-05-23,B4,1227.4684263504364,1257.74491409196,86.1227184779538,450.349298815376,3.410605131648481e-12
2025-05-24,B1,1200.0,1278.0984400142172,,,0.0
2025-05-24,B3,1246.6751605589823,1412.4888453080252,1909.5652181461564,,1.8189894035458565e-12
2025-05-24,B4,1257.74491409196,1475.3869528539535,904.7184529911057,8083.948469334987,1.8189894035458565e-12
2025-05-25,B1,1278.0984400142172,1200.0,,,0.0
2025-05-25,B3,1412.4888453080252,1268.7890230843916,2027.2993491948635,,2.773958840407431e-11
2025-05-25,B4,1475.3869528539535,1282.1999924493712,1771.3966215033324,29684.194659700206,1.8189894035458565e-12
2025-05-26,B1,1200.0,1220.0041709463464,,,0.0
2025-05-26,B3,1268.7890230843916,1230.580444269821,3156.6913344114832,,6.73594513500575e-12
2025-05-26,B4,1282.1999924493712,1220.4449565371829,2670.200824323138,27392.392067365567,1.8189894035458565e-12
2025-05-27,B1,1220.0041709463464,1200.0,,,0.0
2025-05-27,B3,1230.580444269821,1220.1745864560437,2775.561552371117,,6.366462912410498e-12
2025-05-27,B4,1220.4449565371829,1234.1674337582815,2103.370077744327,23211.434562726,1.8189894035458565e-12
2025-05-28,B1,1200.0,1200.0,,,0.0
2025-05-28,B3,1220.1745864560437,1267.337036125099,2519.335269091083,,1.1084466677857563e-11
2025-05-28,B4,1234.1674337582815,1232.7365817918846,1802.6640313768023,20325.280369864264,1.8189894035458565e-12
2025-05-29,B1,1200.0,1200.0,,,0.0
2025-05-29,B3,1267.337036125099,1214.8957920577661,2079.0146191736226,,7.503331289626658e-12
2025-05-29,B4,1232.7365817918846,1228.545058078015,1903.7631869377458,11078.024428804049,1.8189894035458565e-12
2025-05-30,B1,1200.0,1279.38568111453,,,0.0
2025-05-30,B3,1214.8957920577661,1252.2614000827512,1902.1412995452663,,1.8189894035458565e-12
2025-05-30,B4,1228.545058078015,1322.1829771678522,792.3152304727539,6091.867200435904,1.8189894035458565e-12
2025-05-31,B1,1279.38568111453,1200.0,,,0.0
2025-05-31,B3,1252.2614000827512,1200.0,2546.079177829097,,1.8189894035458565e-12
2025-05-31,B4,1322.1829771678522,1200.0,1308.4569980819947,11779.726239084992,1.8189894035458565e-12
2025-06-01,B1,1200.0,1200.0,,,0.0
2025-06-01,B3,1200.0,1200.0,1993.2841416883605,,1.1368683772161603e-11
2025-06-01,B4,1200.0,1200.0,1760.412707630708,25741.965611637213,1.8189894035458565e-12
2025-06-02,B1,1200.0,1200.0,,,0.0
2025-06-02,B3,1200.0,1200.0,1410.5038911740755,,1.546140993013978e-11
2025-06-02,B4,1200.0,1200.0,544.9300504745756,3352.5226933258573,1.8189894035458565e-12
2025-06-03,B1,1200.0,1200.0,,,0.0
2025-06-03,B3,1200.0,1200.0,2804.5487491982913,,8.185452315956354e-12
2025-06-03,B4,1200.0,1200.0,2692.549030636954,32202.005322923716,9.094947017729282e-12
2025-06-04,B1,1200.0,1200.0,,,0.0
2025-06-04,B3,1200.0,1200.0,3984.176078303788,,3.410605131648481e-11
2025-06-04,B4,1200.0,1200.0,2846.7637800604975,25565.59192610508,3.637978807091713e-12
2025-06-05,B1,1200.0,1200.0,,,0.0
2025-06-05,B3,1200.0,1200.0,3747.632960105077,,8.185452315956354e-12
2025-06-05,B4,1200.0,1200.0,1636.9201367874696,15602.388100275022,1.8189894035458565e-12
2025-06-06,B1,1200.0,1200.0,,,0.0
2025-06-06,B3,1200.0,1200.0,1825.7728699774884,,1.8189894035458565e-12
2025-06-06,B4,1200.0,1200.0,812.3322592340634,9340.463880090127,1.8189894035458565e-12
2025-06-07,B1,1200.0,1200.0,,,0.0
2025-06-07,B3,1200.0,1200.0,1907.6272444011563,,1.8189894035458565e-12
2025-06-07,B4,1200.0,1200.0,1046.1502737597204,10896.004322702207,1.8189894035458565e-12
2025-06-08,B1,1200.0,1391.923513185465,,,0.0
2025-06-08,B3,1200.0,1269.4933416954066,3476.666832687095,,1.6143530956469476e-11
2025-06-08,B4,1200.0,1451.2973218178995,2318.2994877306774,23643.312605785188,1.8189894035458565e-12
2025-06-09,B1,1391.923513185465,1299.6338296233364,,,0.0
2025-06-09,B3,1269.4933416954066,1292.0597569788622,1797.7251335128767,,7.503331289626658e-12
2025-06-09,B4,1451.2973218178995,1292.0597569788636,1095.1206001032174,10404.876778041506,1.8189894035458565e-12
2025-06-10,B1,1299.6338296233364,1401.923358399364,,,0.0
2025-06-10,B3,1292.0597569788622,1424.6647880448133,1573.1474576404594,,1.8189894035458565e-12
2025-06-10,B4,1292.0597569788636,1430.8683455139512,893.805141777064,8278.346382816873,3.637978807091713e-12
2025-06-11,B1,1401.923358399364,1435.355939915998,,,0.0
2025-06-11,B3,1424.6647880448133,1393.300134364244,2482.582972828108,,4.433786671143025e-12
2025-06-11,B4,1430.8683455139512,1440.9444055504941,1021.9834876441379,8799.758267539117,1.8189894035458565e-12
2025-06-12,B1,1435.355939915998,1587.986471848687,,,0.0
2025-06-12,B3,1393.300134364244,1678.7218637416925,2244.2970486447566,,3.183231456205249e-12
2025-06-12,B4,1440.9444055504941,1678.7218637416925,1085.269680086591,11124.673399196066,1.8189894035458565e-12
2025-06-13,B1,1587.986471848687,1542.0608798575936,,,0.0
2025-06-13,B3,1678.7218637416925,1454.6106602075376,1706.4683955024782,,7.617018127348274e-12
2025-06-13,B4,1678.7218637416925,1529.7002422405994,1159.8896470795669,13189.71323661902,1.8189894035458565e-12
2025-06-14,B1,1542.0608798575936,1373.6964427854032,,,0.0
2025-06-14,B3,1454.6106602075376,1509.019812560406,2548.9840287468937,,2.9473312679328956e-10
2025-06-14,B4,1529.7002422405994,1525.6596920246093,2264.5701655862003,30779.51251328621,1.8189894035458565e-12
2025-06-15,B1,1373.6964427854032,1596.7502342192768,,,0.0
2025-06-15,B3,1509.019812560406,1537.7904800958236,3734.231997904474,,1.6825651982799172e-11
2025-06-15,B4,1525.6596920246093,1522.9207802890433,2784.219232298461,28762.691777933742,1.8189894035458565e-12
2025-06-16,B1,1596.7502342192768,1564.7681882822858,,,0.0
2025-06-16,B3,1537.7904800958236,1623.8775579389521,5434.133928050347,,7.275957614183426e-12
2025-06-16,B4,1522.9207802890433,1661.2692941492824,1879.3892366472733,16483.36064773182,1.8189894035458565e-12
2025-06-17,B1,1564.7681882822858,1315.549702206753,,,0.0
2025-06-17,B3,1623.8775579389521,1281.6594603126482,4694.921773203046,,1.1993961379630491e-11
2025-06-17,B4,1661.2692941492824,1284.341016901664,3243.102801591101,27850.76924434058,1.8189894035458565e-12
2025-06-18,B1,1315.549702206753,1516.0244569542322,,,0.0
2025-06-18,B3,1281.6594603126482,1463.2808985557642,4182.461097833263,,7.886669095569232e-11
2025-06-18,B4,1284.341016901664,1487.499844753205,2873.9424940953677,27330.711993166842,1.8189894035458565e-12
2025-06-19,B1,1516.0244569542322,1200.0,,,0.0
2025-06-19,B3,1463.2808985557642,1200.0,4353.638422173777,,9.322320693172514e-12
2025-06-19,B4,1487.499844753205,1200.0,2889.7524055313384,23063.739470501234,1.8189894035458565e-12
2025-06-20,B1,1200.0,1722.342865600751,,,0.0
2025-06-20,B3,1200.0,1703.410185591821,2537.959284830316,,4.490630090003833e-12
2025-06-20,B4,1200.0,1703.4101855918204,1922.8923417952806,22809.479165373283,1.8189894035458565e-12
2025-06-21,B1,1722.342865600751,1682.5198771761313,,,0.0
2025-06-21,B3,1703.410185591821,1748.1772195966926,786.1874616690508,,7.503331289626658e-12
2025-06-21,B4,1703.4101855918204,1717.555096149389,664.6016867526864,10635.13538207968,1.8189894035458565e-12
2025-06-22,B1,1682.5198771761313,1200.0,,,0.0
2025-06-22,B3,1748.1772195966926,1200.0,5154.46483019424,,9.549694368615746e-12
2025-06-22,B4,1717.555096149389,1215.7687659162727,3919.9301352682505,47521.00754456722,1.8189894035458565e-12
2025-06-23,B1,1200.0,1369.9442897454207,,,0.0
2025-06-23,B3,1200.0,1525.6834984472725,2606.5823649901613,,1.6825651982799172e-11
2025-06-23,B4,1215.7687659162727,1536.7846290836098,2534.3426588885704,25973.910766344896,1.8189894035458565e-12
2025-06-24,B1,1369.9442897454207,1522.037147887724,,,0.0
2025-06-24,B3,1525.6834984472725,1517.5126942321072,3891.2334998025126,,7.275957614183426e-12
2025-06-24,B4,1536.7846290836098,1546.7016014448504,2626.6354962987734,22456.994644210306,1.8189894035458565e-12
2025-06-25,B1,1522.037147887724,1336.5510495647038,,,0.0
2025-06-25,B3,1517.5126942321072,1385.8756035739127,3069.364099416582,,8.29913915367797e-12
2025-06-25,B4,1546.7016014448504,1427.9465492237805,2791.2578423506893,34814.047919111756,1.8189894035458565e-12
2025-06-26,B1,1336.5510495647038,1200.0,,,0.0
2025-06-26,B3,1385.8756035739127,1200.0,3993.8729197748225,,4.547473508864641e-12
2025-06-26,B4,1427.9465492237805,1211.8160299524868,1802.8548878599602,12966.820200008126,1.8189894035458565e-12
2025-06-27,B1,1200.0,1301.5312623086982,,,0.0
2025-06-27,B3,1200.0,1270.631425716405,3296.5115904363433,,4.632738637155853e-12
2025-06-27,B4,1211.8160299524868,1288.0090341581647,1883.6963667322466,19710.810097106107,1.8189894035458565e-12
2025-06-28,B1,1301.5312623086982,1226.365568556518,,,0.0
2025-06-28,B3,1270.631425716405,1224.1833201917002,1115.0551807596244,,8.481038094032556e-11
2025-06-28,B4,1288.0090341581647,1200.0,964.2565568100503,8909.878636923657,1.8189894035458565e-12
2025-06-29,B1,1226.365568556518,1225.5452851313376,,,0.0
2025-06-29,B3,1224.1833201917002,1289.3670790119124,4799.577334551223,,1.8189894035458565e-12
2025-06-29,B4,1200.0,1200.0,3549.6462780471566,25492.354068970548,1.8189894035458565e-12
2025-06-30,B1,1225.5452851313376,1270.4837152581647,,,0.0
2025-06-30,B3,1289.3670790119124,1322.9185181245305,3880.159610629109,,1.693933882052079e-11
2025-06-30,B4,1200.0,1342.6343532535068,1774.5830412084863,16008.499170700372,1.8189894035458565e-12
2025-07-01,B1,1270.4837152581647,1200.0,,,0.0
2025-07-01,B3,1322.9185181245305,1200.0,1572.2726845000166,,9.777068044058979e-12
2025-07-01,B4,1342.6343532535068,1200.0,1244.2714018351949,10821.058142315378,1.8189894035458565e-12
2025-07-02,B1,1200.0,1200.0,,,0.0
2025-07-02,B3,1200.0,1200.0,1436.3936518398084,,9.549694368615746e-12
2025-07-02,B4,1200.0,1200.0,1180.3676138144963,10579.199019486357,1.8189894035458565e-12
2025-07-03,B1,1200.0,1200.0,,,0.0
2025-07-03,B3,1200.0,1200.0,2560.072843171013,,2.1827872842550278e-11
2025-07-03,B4,1200.0,1200.0,793.5456137301636,8249.023058333882,2.2737367544323206e-12
2025-07-04,B1,1200.0,1200.0,,,0.0
2025-07-04,B3,1200.0,1200.0,1749.324213361402,,1.8189894035458565e-12
2025-07-04,B4,1200.0,1200.0,1122.472486665364,6793.403363576697,3.637978807091713e-12
2025-07-05,B1,1200.0,1200.0,,,0.0
2025-07-05,B3,1200.0,1200.0,2014.115839391025,,1.8189894035458565e-12
2025-07-05,B4,1200.0,1200.0,987.8068939809126,8453.547858600783,1.8189894035458565e-12
2025-07-06,B1,1200.0,1200.0,,,0.0
2025-07-06,B3,1200.0,1200.0,4983.3642377633205,,1.000444171950221e-11
2025-07-06,B4,1200.0,1200.0,3286.3091319659666,43764.76746160247,1.8189894035458565e-12
2025-07-07,B1,1200.0,1200.0,,,0.0
2025-07-07,B3,1200.0,1200.0,2424.227834035254,,1.5120349416974932e-11
2025-07-07,B4,1200.0,1200.0,1096.2633156203674,12317.650844234286,1.8189894035458565e-12
2025-07-08,B1,1200.0,1628.9264291916027,,,0.0
2025-07-08,B3,1200.0,1594.4164670918635,2716.6502493395915,,6.616573955398053e-11
2025-07-08,B4,1200.0,1594.4164670918635,1602.1789293645809,10397.813401897165,1.8189894035458565e-12
2025-07-09,B1,1628.9264291916027,1797.3123523535132,,,0.0
2025-07-09,B3,1594.4164670918635,1732.3073479462832,1382.0060317785483,,8.412825991399586e-12
2025-07-09,B4,1594.4164670918635,1761.6517226275378,791.0550665109924,7614.066660673573,1.8189894035458565e-12
2025-07-10,B1,1797.3123523535132,1200.0,,,0.0
2025-07-10,B3,1732.3073479462832,1269.08105637089,2695.876796785063,,3.7402969610411674e-11
2025-07-10,B4,1761.6517226275378,1269.08105637089,1194.5446343166177,10659.430067087955,1.8189894035458565e-12
2025-07-11,B1,1200.0,1959.76164522527,,,0.0
2025-07-11,B3,1269.08105637089,1897.6336789078846,1306.7005847593723,,1.8189894035458565e-12
2025-07-11,B4,1269.08105637089,1897.633678907883,963.8461726118344,10509.302256087121,1.8189894035458565e-12
2025-07-12,B1,1959.76164522527,1378.1333218283175,,,0.0
2025-07-12,B3,1897.6336789078846,1496.5286687618948,2106.0857582357935,,3.183231456205249e-12
2025-07-12,B4,1897.633678907883,1372.303147880645,1380.4105748164902,15807.83337472885,1.8189894035458565e-12
2025-07-13,B1,1378.1333218283175,1560.9764192281652,,,0.0
2025-07-13,B3,1496.5286687618948,1327.0083300277254,2794.9841943457423,,3.115019353572279e-11
2025-07-13,B4,1372.303147880645,1324.1651085838714,1971.7165177238633,12488.370329760448,3.637978807091713e-12
2025-07-14,B1,1560.9764192281652,1548.4091333960478,,,0.0
2025-07-14,B3,1327.0083300277254,1530.2800630211248,1626.7676906119505,,5.4569682106375694e-12
2025-07-14,B4,1324.1651085838714,1530.2800630211225,800.2651844954554,7404.68272112735,1.8189894035458565e-12
2025-07-15,B1,1548.4091333960478,1842.0030031474573,,,0.0
2025-07-15,B3,1530.2800630211248,1849.7240134095168,2543.504996632201,,4.411049303598702e-11
2025-07-15,B4,1530.2800630211225,1849.7240134095168,935.2650565716962,8007.427942140703,3.637978807091713e-12
2025-07-16,B1,1842.0030031474573,1338.022004532008,,,0.0
2025-07-16,B3,1849.7240134095168,1427.8197496428052,3340.6669088303456,,4.650502205549856e-12
2025-07-16,B4,1849.7240134095168,1427.8197496428047,1423.5646570741894,13825.209262736938,1.8189894035458565e-12
2025-07-17,B1,1338.022004532008,1292.438078086213,,,0.0
2025-07-17,B3,1427.8197496428052,1463.1537856788004,1410.696522706814,,2.3646862246096134e-11
2025-07-17,B4,1427.8197496428047,1482.1515851039699,916.9800084805022,10959.993768724482,1.8189894035458565e-12
2025-07-18,B1,1292.438078086213,1734.368827407151,,,0.0
2025-07-18,B3,1463.1537856788004,1731.1591661098812,4021.4837064004537,,1.8189894035458565e-12
2025-07-18,B4,1482.1515851039699,1648.8868728025768,2451.807617687665,18550.117779293723,1.8189894035458565e-12
2025-07-19,B1,1734.368827407151,1325.1248110526724,,,0.0
2025-07-19,B3,1731.1591661098812,1304.7905132693652,2607.3972563701627,,1.8189894035458565e-12
2025-07-19,B4,1648.8868728025768,1302.347176174189,995.5778361192566,7175.338926654654,1.8189894035458565e-12
2025-07-20,B1,1325.1248110526724,1318.9536758783147,,,0.0
2025-07-20,B3,1304.7905132693652,1395.3124222782901,1990.2478957412645,,5.343281372915953e-12
2025-07-20,B4,1302.347176174189,1356.2336665419466,1741.863533171448,25517.51562051277,1.8189894035458565e-12
2025-07-21,B1,1318.9536758783147,1830.9621269282693,,,0.0
2025-07-21,B3,1395.3124222782901,1851.2222839411133,3747.6072531900036,,3.2741809263825417e-11
2025-07-21,B4,1356.2336665419466,1851.2222839411122,2452.8081917605505,20362.7502736318,1.8189894035458565e-12
2025-07-22,B1,1830.9621269282693,1392.6901032367798,,,0.0
2025-07-22,B3,1851.2222839411133,1444.1414382422631,3497.881894943963,,5.002220859751105e-12
2025-07-22,B4,1851.2222839411122,1476.8011001228267,2560.6730315348677,26711.245348290184,1.8189894035458565e-12
2025-07-23,B1,1392.6901032367798,1373.9025179595699,,,0.0
2025-07-23,B3,1444.1414382422631,1471.1877647882866,1344.6274252772591,,1.3642420526593924e-11
2025-07-23,B4,1476.8011001228267,1471.1877647882889,849.2486619571068,7756.504396723299,1.8189894035458565e-12
2025-07-24,B1,1373.9025179595699,1373.6988856831279,,,0.0
2025-07-24,B3,1471.1877647882866,1439.9426289033856,3075.491699173525,,1.3415046851150692e-11
2025-07-24,B4,1471.1877647882889,1439.942628903387,938.2483508548133,8107.953452510033,2.2737367544323206e-12
2025-07-25,B1,1373.6988856831279,1546.331590710728,,,0.0
2025-07-25,B3,1439.9426289033856,1638.6393502890987,1718.5643977905331,,1.8189894035458565e-12
2025-07-25,B4,1439.942628903387,1638.6393502890987,1354.5482877673553,10960.50588131306,1.8189894035458565e-12
2025-07-26,B1,1546.331590710728,1368.3261734970768,,,0.0
2025-07-26,B3,1638.6393502890987,1433.8913548923317,1502.3451298246312,,1.8189894035458565e-12
2025-07-26,B4,1638.6393502890987,1438.5716015915198,1395.0978117269228,15560.731547807165,1.8189894035458565e-12
2025-07-27,B1,1368.3261734970768,1327.6137569215255,,,0.0
2025-07-27,B3,1433.8913548923317,1221.0513966373735,4481.011631506074,,5.002220859751105e-12
2025-07-27,B4,1438.5716015915198,1253.775410218046,2691.7387609238135,28379.09184071189,1.8189894035458565e-12
2025-07-28,B1,1327.6137569215255,1507.6930619128814,,,0.0
2025-07-28,B3,1221.0513966373735,1734.218712910785,3029.805150848188,,9.094947017729282e-12
2025-07-28,B4,1253.775410218046,1734.218712910785,1542.1101908684589,9902.323651144328,1.8189894035458565e-12
2025-07-29,B1,1507.6930619128814,1565.94550678119,,,0.0
2025-07-29,B3,1734.218712910785,1484.8894845838722,5879.488293937666,,5.002220859751105e-12
2025-07-29,B4,1734.218712910785,1483.0615643038998,2606.0336792831777,21948.793947406157,1.8189894035458565e-12
2025-07-30,B1,1565.94550678119,1587.2920295058082,,,0.0
2025-07-30,B3,1484.8894845838722,1575.6569954891668,2954.1629696971454,,1.2050804798491299e-11
2025-07-30,B4,1483.0615643038998,1635.2167516921793,1494.2755773974377,10070.314143321702,9.094947017729282e-13
2025-07-31,B1,1587.2920295058082,1200.0,,,0.0
2025-07-31,B3,1575.6569954891668,1200.0,5084.699825003652,,7.16227077646181e-12
2025-07-31,B4,1635.2167516921793,1200.0,3110.3259084340834,30502.630985046904,3.637978807091713e-12
2025-08-01,B1,1200.0,1460.6176694851877,,,0.0
2025-08-01,B3,1200.0,1361.6815012759157,3412.1624640700566,,1.8189894035458565e-12
2025-08-01,B4,1200.0,1435.1817687117718,584.6481494716045,6439.371364646053,1.8189894035458565e-12
2025-08-02,B1,1460.6176694851877,1270.047743706145,,,0.0
2025-08-02,B3,1361.6815012759157,1348.44911203525,1692.6776566257404,,6.821210263296962e-12
2025-08-02,B4,1435.1817687117718,1399.7312690347808,715.391713383644,7650.285204032966,1.8189894035458565e-12
2025-08-03,B1,1270.047743706145,1200.0,,,0.0
2025-08-03,B3,1348.44911203525,1245.2752167169203,2751.103192101772,,1.2732925824820995e-11
2025-08-03,B4,1399.7312690347808,1200.0,2084.828709818148,26234.91923129859,1.8189894035458565e-12
2025-08-04,B1,1200.0,1492.0205638363145,,,0.0
2025-08-04,B3,1245.2752167169203,1200.0,4301.067882853105,,1.0231815394945443e-11
2025-08-04,B4,1200.0,1354.172543391983,3066.497988921607,34151.98963020993,1.8189894035458565e-12
2025-08-05,B1,1492.0205638363145,1478.8382534671641,,,0.0
2025-08-05,B3,1200.0,1535.782156167071,3696.348147615158,,2.9558577807620168e-12
2025-08-05,B4,1354.172543391983,1690.515182367716,1424.5836195428446,20902.86808983516,1.8189894035458565e-12
2025-08-06,B1,1478.8382534671641,1200.0,,,0.0
2025-08-06,B3,1535.782156167071,1515.4699190323927,2987.6346814366075,,6.366462912410498e-12
2025-08-06,B4,1690.515182367716,1574.344303173389,1116.1800450794592,18509.024239654573,1.8189894035458565e-12
2025-08-07,B1,1200.0,1200.0,,,0.0
2025-08-07,B3,1515.4699190323927,1223.058034726834,2914.058458072556,,1.432454155292362e-11
2025-08-07,B4,1574.344303173389,1223.058034726834,2167.492494917742,21676.792341304616,1.8189894035458565e-12
2025-08-08,B1,1200.0,1372.419833768275,,,0.0
2025-08-08,B3,1223.058034726834,1305.2277839038325,4114.429829334591,,1.8189894035458565e-12
2025-08-08,B4,1223.058034726834,1459.6448927007455,2420.560543622247,18815.56333331371,1.8189894035458565e-12
2025-08-09,B1,1372.419833768275,1200.0,,,0.0
2025-08-09,B3,1305.2277839038325,1267.7274446360368,2210.716488310381,,1.8189894035458565e-12
2025-08-09,B4,1459.6448927007455,1321.1641551679886,1173.21136630244,13597.658543906467,1.8189894035458565e-12
2025-08-10,B1,1200.0,1319.5027311816993,,,0.0
2025-08-10,B3,1267.7274446360368,1255.4288395262288,1032.3829913874324,,1.4551915228366852e-11
2025-08-10,B4,1321.1641551679886,1277.040947966564,973.5460982888554,10874.164189492549,6.366462912410498e-12
2025-08-11,B1,1319.5027311816993,1239.0365449473445,,,0.0
2025-08-11,B3,1255.4288395262288,1265.6752571667253,3446.3474310198435,,9.777068044058979e-12
2025-08-11,B4,1277.040947966564,1249.8160514357057,1772.416980061064,20450.747897889483,1.8189894035458565e-12
2025-08-12,B1,1239.0365449473445,1287.4930925269919,,,0.0
2025-08-12,B3,1265.6752571667253,1242.0431327062593,3558.386246673816,,1.0686562745831907e-11
2025-08-12,B4,1249.8160514357057,1214.7360017091435,2137.820264292908,25688.242795271068,1.8189894035458565e-12
2025-08-13,B1,1287.4930925269919,1350.5951439345943,,,0.0
2025-08-13,B3,1242.0431327062593,1265.0406535517864,3403.2660684913453,,8.86757334228605e-12
2025-08-13,B4,1214.7360017091435,1236.7573592330561,1412.235208947746,20283.616667868606,1.8189894035458565e-12
2025-08-14,B1,1350.5951439345943,1200.0,,,0.0
2025-08-14,B3,1265.0406535517864,1200.0,2707.2441401317537,,7.275957614183426e-12
2025-08-14,B4,1236.7573592330561,1200.0,1092.1135311458663,18111.062834376502,1.8189894035458565e-12
2025-08-15,B1,1200.0,1200.0,,,0.0
2025-08-15,B3,1200.0,1200.0,2935.1726749677614,,1.8189894035458565e-12
2025-08-15,B4,1200.0,1290.729767112345,571.2086346126423,6165.190165493223,1.8189894035458565e-12
2025-08-16,B1,1200.0,1200.0,,,0.0
2025-08-16,B3,1200.0,1277.9580598368188,1574.022142041146,,1.8189894035458565e-12
2025-08-16,B4,1290.729767112345,1247.1892723446276,1445.829418178378,27406.70159806793,1.8189894035458565e-12
2025-08-17,B1,1200.0,1200.0,,,0.0
2025-08-17,B3,1277.9580598368188,1225.6829507314528,2784.806239981746,,7.275957614183426e-12
2025-08-17,B4,1247.1892723446276,1225.6829507314533,2142.760412948731,31152.920275467462,1.8189894035458565e-12
2025-08-18,B1,1200.0,1542.2054767273248,,,0.0
2025-08-18,B3,1225.6829507314528,1370.3871148340756,3042.4234307189863,,3.069544618483633e-12
2025-08-18,B4,1225.6829507314533,1432.9960465897723,2050.3264219449047,25264.166256498407,9.094947017729282e-13
2025-08-19,B1,1542.2054767273248,1412.0034694189283,,,0.0
2025-08-19,B3,1370.3871148340756,1342.1749016507677,1088.9718078808498,,9.094947017729282e-12
2025-08-19,B4,1432.9960465897723,1363.70025354459,655.4637235230817,5186.111438465938,1.8189894035458565e-12
2025-08-20,B1,1412.0034694189283,1200.0,,,0.0
2025-08-20,B3,1342.1749016507677,1200.0,4047.75492740572,,1.261923898709938e-11
2025-08-20,B4,1363.70025354459,1200.0,2612.1560264557315,30106.041444771447,1.8189894035458565e-12
2025-08-21,B1,1200.0,1200.0,,,0.0
2025-08-21,B3,1200.0,1203.499617347737,3469.391548446965,,4.604316927725449e-12
2025-08-21,B4,1200.0,1200.0,3212.2473382732232,37236.81360896448,1.8189894035458565e-12
2025-08-22,B1,1200.0,1200.0,,,0.0
2025-08-22,B3,1203.499617347737,1289.3955578392884,4026.077434607159,,1.8189894035458565e-12
2025-08-22,B4,1200.0,1200.0,2116.2279341092067,16582.164194343324,1.8189894035458565e-12
2025-08-23,B1,1200.0,1200.0,,,0.0
2025-08-23,B3,1289.3955578392884,1200.0,1995.1873975321394,,1.8189894035458565e-12
2025-08-23,B4,1200.0,1200.0,1886.2393137554855,19872.468661422987,1.8189894035458565e-12
2025-08-24,B1,1200.0,1200.0,,,0.0
2025-08-24,B3,1200.0,1274.5042545389897,2469.216477584772,,4.547473508864641e-12
2025-08-24,B4,1200.0,1211.8479118815737,1911.9306878789625,23858.850094587167,1.8189894035458565e-12
2025-08-25,B1,1200.0,1577.3341406364339,,,0.0
2025-08-25,B3,1274.5042545389897,1496.9304603060427,3809.614344986933,,9.606537787476555e-12
2025-08-25,B4,1211.8479118815737,1573.4936755318731,2960.163944258998,36348.63757034812,1.8189894035458565e-12
2025-08-26,B1,1577.3341406364339,1643.717369262035,,,0.0
2025-08-26,B3,1496.9304603060427,1740.152382182995,2294.137167084673,,5.002220859751105e-12
2025-08-26,B4,1573.4936755318731,1742.8449570130222,1908.4339503416345,18985.24429461426,1.8189894035458565e-12
2025-08-27,B1,1643.717369262035,1372.9540077116612,,,0.0
2025-08-27,B3,1740.152382182995,1271.6961508123925,4089.7501404642903,,6.480149750132114e-12
2025-08-27,B4,1742.8449570130222,1235.4433377508567,3454.5936338408947,37583.8086183997,1.8189894035458565e-12
2025-08-28,B1,1372.9540077116612,1200.0,,,0.0
2025-08-28,B3,1271.6961508123925,1265.0406535517973,2318.3589098106254,,1.750777300912887e-11
2025-08-28,B4,1235.4433377508567,1265.0406535517864,1779.164964188726,12769.881652716345,1.8189894035458565e-12
2025-08-29,B1,1200.0,1705.061444426575,,,0.0
2025-08-29,B3,1265.0406535517973,1524.412698135876,4031.003943784825,,1.8189894035458565e-12
2025-08-29,B4,1265.0406535517864,1531.576254628294,2505.9034201174754,22134.034542516958,1.8189894035458565e-12
2025-08-30,B1,1705.061444426575,1200.0,,,0.0
2025-08-30,B3,1524.412698135876,1200.6658218699235,1984.1774806026556,,1.8189894035458565e-12
2025-08-30,B4,1531.576254628294,1200.6658218699235,1799.955938701777,23435.23305217215,1.8189894035458565e-12
2025-08-31,B1,1200.0,1200.0,,,0.0
2025-08-31,B3,1200.6658218699235,1238.3287833834868,2077.1030568396486,,1.4551915228366852e-11
2025-08-31,B4,1200.6658218699235,1275.012554293193,1892.6289088028348,32240.55587504581,1.8189894035458565e-12
2025-09-01,B1,1200.0,3046.9013733020956,,,0.0
2025-09-01,B3,1238.3287833834868,3370.5223639759424,1298.2443598068953,,1.0629719326971099e-11
2025-09-01,B4,1275.012554293193,3349.7245055786507,805.8035791806187,8175.713878599902,1.8189894035458565e-12
2025-09-02,B1,3046.9013733020956,2619.538519080166,,,0.0
2025-09-02,B3,3370.5223639759424,2988.672148960849,1465.4339266624534,,1.8189894035458565e-12
2025-09-02,B4,3349.7245055786507,3005.695794718933,914.5115849341668,8601.721087746013,1.8189894035458565e-12
2025-09-03,B1,2619.538519080166,2775.0428878905122,,,0.0
2025-09-03,B3,2988.672148960849,3014.944173682331,1336.4055511662307,,1.8189894035458565e-12
2025-09-03,B4,3005.695794718933,3047.4932270373806,801.1061433158819,9194.459078440166,1.8189894035458565e-12
2025-09-04,B1,2775.0428878905122,2401.362510947936,,,0.0
2025-09-04,B3,3014.944173682331,2500.704801454884,1416.9104058932376,,1.8189894035458565e-12
2025-09-04,B4,3047.4932270373806,2416.885966850883,936.785856484101,9570.015490225282,1.8189894035458565e-12
2025-09-05,B1,2401.362510947936,2728.99990919054,,,0.0
2025-09-05,B3,2500.704801454884,2948.918155868839,459.21569564462226,,1.8189894035458565e-12
2025-09-05,B4,2416.885966850883,3080.146610277976,379.15369609809903,2218.005239077973,1.8189894035458565e-12
2025-09-06,B1,2728.99990919054,2809.1897030183327,,,0.0
2025-09-06,B3,2948.918155868839,2809.544077242651,3158.562666717176,,1.8189894035458565e-12
2025-09-06,B4,3080.146610277976,2643.7531810920236,1248.9533431103778,9173.563237500877,9.094947017729282e-13
2025-09-07,B1,2809.1897030183327,2157.5177548348274,,,0.0
2025-09-07,B3,2809.544077242651,2175.7831604339526,1615.9096331575129,,1.8189894035458565e-12
2025-09-07,B4,2643.7531810920236,2156.8118641275014,1397.877510515294,25278.820603464537,1.8189894035458565e-12
2025-09-08,B1,2157.5177548348274,1200.0,,,0.0
2025-09-08,B3,2175.7831604339526,1200.0,1738.8629984352367,,1.8189894035458565e-12
2025-09-08,B4,2156.8118641275014,1200.0,933.6538111429867,8278.602292828244,1.8189894035458565e-12
2025-09-09,B1,1200.0,1200.0,,,0.0
2025-09-09,B3,1200.0,1200.0,1504.0941522906112,,1.1141310096718371e-11
2025-09-09,B4,1200.0,1200.0,1016.6460520147077,9810.57759209563,1.8189894035458565e-12
2025-09-10,B1,1200.0,1200.0,,,0.0
2025-09-10,B3,1200.0,1200.0,2074.7813384187525,,1.8189894035458565e-12
2025-09-10,B4,1200.0,1200.0,1314.7369088267171,15498.307387784707,1.8189894035458565e-12
2025-09-11,B1,1200.0,1200.0,,,0.0
2025-09-11,B3,1200.0,1200.0,2547.097186977326,,3.410605131648481e-12
2025-09-11,B4,1200.0,1200.0,1654.2914750091584,17721.137569906743,1.8189894035458565e-12
2025-09-12,B1,1200.0,1200.0,,,0.0
2025-09-12,B3,1200.0,1200.0,1173.33991409,,3.637978807091713e-12
2025-09-12,B4,1200.0,1200.0,964.5247115403256,10423.187930781798,1.8189894035458565e-12
2025-09-13,B1,1200.0,1200.0,,,0.0
2025-09-13,B3,1200.0,1200.0,2509.976524041089,,1.8189894035458565e-12
2025-09-13,B4,1200.0,1200.0,2254.8470207828414,24928.369658068455,1.8189894035458565e-12
2025-09-14,B1,1200.0,1200.0,,,0.0
2025-09-14,B3,1200.0,1200.0,2924.877695107977,,1.8189894035458565e-12
2025-09-14,B4,1200.0,1200.0,2361.3452872004327,23628.98956084558,1.8189894035458565e-12
2025-09-15,B1,1200.0,1200.0,,,0.0
2025-09-15,B3,1200.0,1255.5124733835116,2069.150949721937,,1.8189894035458565e-12
2025-09-15,B4,1200.0,1261.160730769192,1415.2200284629737,17817.896666737393,1.8189894035458565e-12
2025-09-16,B1,1200.0,1200.0,,,0.0
2025-09-16,B3,1255.5124733835116,1200.0,2680.0954234442997,,1.602984411874786e-11
2025-09-16,B4,1261.160730769192,1200.0,1921.5548813522134,16706.19182106813,1.8189894035458565e-12
2025-09-17,B1,1200.0,1200.0,,,0.0
2025-09-17,B3,1200.0,1200.0,2476.455948026929,,2.114575181622058e-11
2025-09-17,B4,1200.0,1200.0,1735.7208355527625,17181.501056466885,1.8189894035458565e-12
2025-09-18,B1,1200.0,1200.0,,,0.0
2025-09-18,B3,1200.0,1217.417366730569,1362.1670219546543,,1.3301360013429075e-11
2025-09-18,B4,1200.0,1200.0,945.3200820540736,12829.164543369825,1.8189894035458565e-12
2025-09-19,B1,1200.0,1200.0,,,0.0
2025-09-19,B3,1217.417366730569,1200.0,864.8427368810632,,1.8189894035458565e-12
2025-09-19,B4,1200.0,1200.0,546.072030031036,5212.169241604715,1.8189894035458565e-12
2025-09-20,B1,1200.0,1200.0,,,0.0
2025-09-20,B3,1200.0,1200.0,3293.1498057898652,,1.8189894035458565e-12
2025-09-20,B4,1200.0,1200.0,1245.1381211784612,8882.524648852912,1.8189894035458565e-12
2025-09-21,B1,1200.0,1200.0,,,0.0
2025-09-21,B3,1200.0,1204.1775231486263,2740.330530526936,,1.1439738045737613e-11
2025-09-21,B4,1200.0,1204.177523148626,1873.2190278695875,16176.26815877219,1.8189894035458565e-12
2025-09-22,B1,1200.0,1200.0,,,0.0
2025-09-22,B3,1204.1775231486263,1215.6060487060827,1947.9495234082092,,1.375610736431554e-11
2025-09-22,B4,1204.177523148626,1216.4248593942764,1599.898805014191,15403.055202792711,1.8189894035458565e-12
2025-09-23,B1,1200.0,1200.0,,,0.0
2025-09-23,B3,1215.6060487060827,1259.7318196947374,1272.2989781195138,,5.4569682106375694e-12
2025-09-23,B4,1216.4248593942764,1278.9997812705533,1155.52859235444,17561.646050139167,1.8189894035458565e-12
2025-09-24,B1,1200.0,1200.0,,,0.0
2025-09-24,B3,1259.7318196947374,1200.0,1591.1445917890444,,7.275957614183426e-12
2025-09-24,B4,1278.9997812705533,1200.0,1346.507559160248,19932.904864569944,1.8189894035458565e-12
2025-09-25,B1,1200.0,1200.0,,,0.0
2025-09-25,B3,1200.0,1200.0,2126.9780724207576,,1.864464138634503e-11
2025-09-25,B4,1200.0,1200.0,1669.144948862827,17698.806716575204,1.8189894035458565e-12
2025-09-26,B1,1200.0,1200.0,,,0.0
2025-09-26,B3,1200.0,1200.0,555.2367112642298,,1.8189894035458565e-12
2025-09-26,B4,1200.0,1200.0,381.7290405921375,3161.8941226932106,1.8189894035458565e-12
2025-09-27,B1,1200.0,1200.0,,,0.0
2025-09-27,B3,1200.0,1200.0,2112.788938127496,,1.8189894035458565e-12
2025-09-27,B4,1200.0,1200.0,1792.889588744692,18547.137319958296,1.8189894035458565e-12
2025-09-28,B1,1200.0,1200.0,,,0.0
2025-09-28,B3,1200.0,1200.0,4535.038610983651,,4.661160346586257e-12
2025-09-28,B4,1200.0,1200.0,3172.6310268831307,42731.444435216516,1.8189894035458565e-12
2025-09-29,B1,1200.0,1200.0,,,0.0
2025-09-29,B3,1200.0,1200.0,1435.7666218599777,,8.924416761146858e-12
2025-09-29,B4,1200.0,1200.0,1145.0988845955594,16582.96589741347,1.8189894035458565e-12
2025-09-30,B1,1200.0,1200.0,,,0.0
2025-09-30,B3,1200.0,1200.0,1420.9405371020816,,9.023892744153272e-12
2025-09-30,B4,1200.0,1200.0,1074.633974268006,13914.72375863173,1.8189894035458565e-12
2025-10-01,B1,1200.0,1908.0106915203444,,,0.0
2025-10-01,B3,1200.0,1848.8320840795466,1844.9200196490137,,2.2373569663614035e-10
2025-10-01,B4,1200.0,1875.3504415801306,1470.5251957976539,17211.76009013061,1.8189894035458565e-12
2025-10-02,B1,1908.0106915203444,1782.3398933335047,,,0.0
2025-10-02,B3,1848.8320840795466,1754.110303497949,1945.7591970144206,,9.123368727159686e-12
2025-10-02,B4,1875.3504415801306,1765.3346585082875,1504.1088634705095,17106.751968380482,1.8189894035458565e-12
2025-10-03,B1,1782.3398933335047,2095.1154488874577,,,0.0
2025-10-03,B3,1754.110303497949,2084.9775975600355,535.2626455921313,,1.8189894035458565e-12
2025-10-03,B4,1765.3346585082875,2093.797237022375,371.0660173635383,3484.6390562020833,1.8189894035458565e-12
2025-10-04,B1,2095.1154488874577,2215.8388315549123,,,0.0
2025-10-04,B3,2084.9775975600355,2087.5585322696315,1790.2907108013044,,1.8189894035458565e-12
2025-10-04,B4,2093.797237022375,1984.9572615058378,950.3081011044518,9228.074124464776,1.8189894035458565e-12
2025-10-05,B1,2215.8388315549123,1635.116994591837,,,0.0
2025-10-05,B3,2087.5585322696315,1571.4618379190774,4144.452719058986,,6.139089236967266e-12
2025-10-05,B4,1984.9572615058378,1667.7727939186482,2896.3129326599314,21621.360591244636,1.8189894035458565e-12
2025-10-06,B1,1635.116994591837,1789.1560055958837,,,0.0
2025-10-06,B3,1571.4618379190774,1770.4619642037112,1802.751036616163,,4.172306944383308e-11
2025-10-06,B4,1667.7727939186482,1798.7997881967551,1473.9937170009703,16672.622548245945,1.8189894035458565e-12
2025-10-07,B1,1789.1560055958837,1980.9722413628729,,,0.0
2025-10-07,B3,1770.4619642037112,1937.0937537306293,1606.7976514643965,,3.183231456205249e-12
2025-10-07,B4,1798.7997881967551,1970.1982362291737,1333.200965677728,15482.789734972646,1.8189894035458565e-12
2025-10-08,B1,1980.9722413628729,1200.0,,,0.0
2025-10-08,B3,1937.0937537306293,1203.2980409787688,1192.0695799863342,,1.4551915228366852e-11
2025-10-08,B4,1970.1982362291737,1207.4325689400673,832.2671984261165,12174.54073395337,1.8189894035458565e-12
2025-10-09,B1,1200.0,1200.0,,,0.0
2025-10-09,B3,1203.2980409787688,1200.0,1048.9744044164465,,1.1482370609883219e-11
2025-10-09,B4,1207.4325689400673,1200.0,826.1754361582668,11926.634062561141,1.8189894035458565e-12
2025-10-10,B1,1200.0,1200.0,,,0.0
2025-10-10,B3,1200.0,1200.0,499.33773987391595,,2.7284841053187847e-12
2025-10-10,B4,1200.0,1200.0,409.472137754479,3450.6009461386006,2.5011104298755527e-12
2025-10-11,B1,1200.0,1200.0,,,0.0
2025-10-11,B3,1200.0,1200.0,1605.3438346264404,,1.8189894035458565e-12
2025-10-11,B4,1200.0,1200.0,1516.790492737925,27449.67238849035,1.8189894035458565e-12
2025-10-12,B1,1200.0,1200.0,,,0.0
2025-10-12,B3,1200.0,1200.0,1494.8925109690028,,1.8189894035458565e-12
2025-10-12,B4,1200.0,1200.0,1059.3300378988688,15457.387088696823,1.8189894035458565e-12
2025-10-13,B1,1200.0,1200.0,,,0.0
2025-10-13,B3,1200.0,1200.0,1088.9244876171806,,2.0236257114447653e-11
2025-10-13,B4,1200.0,1200.0,812.8929273352969,12042.012383244988,1.8189894035458565e-12
2025-10-14,B1,1200.0,1200.0,,,0.0
2025-10-14,B3,1200.0,1200.0,1914.8414897110017,,5.4569682106375694e-12
2025-10-14,B4,1200.0,1200.0,1663.0574329255242,18075.24354792952,1.8189894035458565e-12
2025-10-15,B1,1200.0,1200.0,,,0.0
2025-10-15,B3,1200.0,1200.0,1728.611417484736,,1.1118572729174048e-10
2025-10-15,B4,1200.0,1200.0,1363.389440466567,15515.633515876416,1.8189894035458565e-12
2025-10-16,B1,1200.0,1200.0,,,0.0
2025-10-16,B3,1200.0,1200.0,1510.5358235913736,,3.8198777474462986e-11
2025-10-16,B4,1200.0,1200.0,1377.2107438848725,15212.267116144314,1.8189894035458565e-12
2025-10-17,B1,1200.0,1200.0,,,0.0
2025-10-17,B3,1200.0,1216.0305584298007,587.4042977673153,,1.8189894035458565e-12
2025-10-17,B4,1200.0,1206.5457912294423,470.5917578921449,3697.5769067856513,1.8189894035458565e-12
2025-10-18,B1,1200.0,1200.0,,,0.0
2025-10-18,B3,1216.0305584298007,1200.0,1018.8275858235054,,1.8189894035458565e-12
2025-10-18,B4,1206.5457912294423,1200.0,497.0800572056045,5624.17436568685,1.8189894035458565e-12
2025-10-19,B1,1200.0,1200.0,,,0.0
2025-10-19,B3,1200.0,1200.0,3374.7329385093813,,6.480149750132114e-12
2025-10-19,B4,1200.0,1200.0,2874.585824628527,51839.481536088504,1.8189894035458565e-12
2025-10-20,B1,1200.0,1200.0,,,0.0
2025-10-20,B3,1200.0,1200.0,1330.5890380598555,,3.410605131648481e-11
2025-10-20,B4,1200.0,1200.0,996.0170523181525,11186.23569283038,1.8189894035458565e-12
2025-10-21,B1,1200.0,1200.0,,,0.0
2025-10-21,B3,1200.0,1200.0,1596.4773308617482,,3.183231456205249e-12
2025-10-21,B4,1200.0,1200.0,1176.1731028206336,16782.415000921013,1.8189894035458565e-12
2025-10-22,B1,1200.0,1200.0,,,0.0
2025-10-22,B3,1200.0,1200.0,1970.3825708572756,,4.320099833421409e-12
2025-10-22,B4,1200.0,1200.0,1491.9550745389388,17382.032959097563,1.8189894035458565e-12
2025-10-23,B1,1200.0,1200.0,,,0.0
2025-10-23,B3,1200.0,1200.0,2208.444618400876,,9.094947017729282e-12
2025-10-23,B4,1200.0,1200.0,1404.5937451135894,15347.332819525138,1.8189894035458565e-12
2025-10-24,B1,1200.0,1200.0,,,0.0
2025-10-24,B3,1200.0,1200.0,699.6745798426429,,1.8189894035458565e-12
2025-10-24,B4,1200.0,1200.0,324.42122723707587,1699.5432679633932,1.8189894035458565e-12
2025-10-25,B1,1200.0,1200.0,,,0.0
2025-10-25,B3,1200.0,1200.0,1731.6617899783546,,1.8189894035458565e-12
2025-10-25,B4,1200.0,1200.0,906.9674275189124,13338.419808898845,1.8189894035458565e-12
2025-10-26,B1,1200.0,1200.0,,,0.0
2025-10-26,B3,1200.0,1200.0,2287.6402219396205,,2.2964741219766438e-11
2025-10-26,B4,1200.0,1200.0,2065.3477121109117,25805.081766623058,1.8189894035458565e-12
2025-10-27,B1,1200.0,1200.0,,,0.0
2025-10-27,B3,1200.0,1200.0,1795.6007471525963,,5.9117155615240335e-12
2025-10-27,B4,1200.0,1200.0,1268.7631210613135,18019.3100274523,1.8189894035458565e-12
2025-10-28,B1,1200.0,1200.0,,,0.0
2025-10-28,B3,1200.0,1200.0,875.043111226792,,1.0686562745831907e-11
2025-10-28,B4,1200.0,1200.0,396.62776856621684,3578.5655834394347,1.8189894035458565e-12
2025-10-29,B1,1200.0,1200.0,,,0.0
2025-10-29,B3,1200.0,1200.0,1390.6005714713954,,1.8189894035458565e-11
2025-10-29,B4,1200.0,1200.0,810.1835223638969,10158.961352770248,1.8189894035458565e-12
2025-10-30,B1,1200.0,1200.0,,,0.0
2025-10-30,B3,1200.0,1200.0,2177.405254260414,,9.038103598868474e-12
2025-10-30,B4,1200.0,1200.0,1433.698081037481,16714.053851047272,1.8189894035458565e-12
2025-10-31,B1,1200.0,1200.0,,,0.0
2025-10-31,B3,1200.0,1200.0,411.9231654591332,,1.8189894035458565e-12
2025-10-31,B4,1200.0,1200.0,318.8248368004142,2987.5635335268403,1.8189894035458565e-12
2025-11-01,B1,1200.0,1200.0,,,0.0
2025-11-01,B3,1200.0,1200.0,1979.4085545626301,,1.8189894035458565e-12
2025-11-01,B4,1200.0,1200.0,1707.810211023917,21202.084543889894,1.8189894035458565e-12
2025-11-02,B1,1200.0,1200.0,,,0.0
2025-11-02,B3,1200.0,1205.062891191584,2825.981838872048,,3.2599700716673397e-11
2025-11-02,B4,1200.0,1200.0,2405.113093260361,38124.032632508446,1.8189894035458565e-12
2025-11-03,B1,1200.0,1200.0,,,0.0
2025-11-03,B3,1205.062891191584,1200.0,1622.0534532607403,,1.4551915228366852e-11
2025-11-03,B4,1200.0,1200.0,1254.6324715123685,11122.008601248945,2.2737367544323206e-12
2025-11-04,B1,1200.0,1200.0,,,0.0
2025-11-04,B3,1200.0,1200.917062065336,860.4029027081568,,2.2737367544323206e-11
2025-11-04,B4,1200.0,1200.0,640.4346811757833,6514.010598465469,1.8189894035458565e-12
2025-11-05,B1,1200.0,1200.0,,,0.0
2025-11-05,B3,1200.917062065336,1251.8725706196672,1083.4567404240952,,6.366462912410498e-12
2025-11-05,B4,1200.0,1236.3538846031302,908.9730641482225,7227.764232264551,1.8189894035458565e-12
2025-11-06,B1,1200.0,1200.0,,,0.0
2025-11-06,B3,1251.8725706196672,1200.8032019774757,1255.5683643820119,,2.205524651799351e-11
2025-11-06,B4,1236.3538846031302,1205.6468641444549,693.0356935003208,7711.253117006963,1.8189894035458565e-12
2025-11-07,B1,1200.0,1200.0,,,0.0
2025-11-07,B3,1200.8032019774757,1200.0,691.0346020525327,,1.8189894035458565e-12
2025-11-07,B4,1205.6468641444549,1200.0,533.3332872177585,5169.8804427704,1.8189894035458565e-12
2025-11-08,B1,1200.0,1200.0,,,0.0
2025-11-08,B3,1200.0,1200.0,1879.1830733068757,,1.8189894035458565e-12
2025-11-08,B4,1200.0,1200.0,1606.730956170759,19104.08963110185,9.094947017729282e-13
2025-11-09,B1,1200.0,1200.0,,,0.0
2025-11-09,B3,1200.0,1200.0,1634.3120314931716,,7.275957614183426e-12
2025-11-09,B4,1200.0,1200.0,1485.6737479064072,27441.670300834092,4.092726157978177e-12
2025-11-10,B1,1200.0,1200.0,,,0.0
2025-11-10,B3,1200.0,1200.0,1213.8777174136367,,3.979039320256561e-12
2025-11-10,B4,1200.0,1200.0,783.7122527269876,8267.480023011667,1.8189894035458565e-12
2025-11-11,B1,1200.0,1200.0,,,0.0
2025-11-11,B3,1200.0,1200.0,1342.3701253023926,,3.637978807091713e-12
2025-11-11,B4,1200.0,1200.0,1113.0268890403765,11721.310656504198,1.8189894035458565e-12
2025-11-12,B1,1200.0,1200.0,,,0.0
2025-11-12,B3,1200.0,1200.0,797.2630242072714,,4.547473508864641e-12
2025-11-12,B4,1200.0,1200.0,620.7815909023387,6309.570603401779,1.8189894035458565e-12
2025-11-13,B1,1200.0,1200.0,,,0.0
2025-11-13,B3,1200.0,1200.0,1504.190804185067,,8.981260180007666e-12
2025-11-13,B4,1200.0,1200.0,1120.9875051450995,11153.098442007959,1.8189894035458565e-12
2025-11-14,B1,1200.0,1200.0,,,0.0
2025-11-14,B3,1200.0,1209.4970542831159,681.0239467215405,,1.8189894035458565e-12
2025-11-14,B4,1200.0,1201.336479783652,441.5041478266218,4422.374754933604,1.8189894035458565e-12
2025-11-15,B1,1200.0,1200.0,,,0.0
2025-11-15,B3,1209.4970542831159,1218.4748034781805,2929.513084721818,,1.8189894035458565e-12
2025-11-15,B4,1201.336479783652,1203.6854449377718,2747.537566932978,30228.636277447516,1.8189894035458565e-12
2025-11-16,B1,1200.0,1200.0,,,0.0
2025-11-16,B3,1218.4748034781805,1200.0,2242.7862474540466,,1.546140993013978e-11
2025-11-16,B4,1203.6854449377718,1200.0,1855.1908228620757,28827.95091781054,1.8189894035458565e-12
2025-11-17,B1,1200.0,1200.0,,,0.0
2025-11-17,B3,1200.0,1232.8537880587712,1249.6520988620002,,1.1368683772161603e-11
2025-11-17,B4,1200.0,1232.8537880587712,1152.2331137385488,13744.185892237387,1.8189894035458565e-12
2025-11-18,B1,1200.0,1200.0,,,0.0
2025-11-18,B3,1232.8537880587712,1231.4912449093815,1770.3356513610918,,4.206412995699793e-12
2025-11-18,B4,1232.8537880587712,1211.7751052673825,1261.9734741637972,10254.176056735858,1.8189894035458565e-12
2025-11-19,B1,1200.0,1200.0,,,0.0
2025-11-19,B3,1231.4912449093815,1200.0,1507.5339266590934,,1.1596057447604835e-11
2025-11-19,B4,1211.7751052673825,1200.0,792.8822761945554,7841.154420241346,1.8189894035458565e-12
2025-11-20,B1,1200.0,1200.0,,,0.0
2025-11-20,B3,1200.0,1200.9170620653358,1284.351717646205,,8.071765478234738e-12
2025-11-20,B4,1200.0,1200.9170620653358,1039.5801504979995,12504.789355491102,1.8189894035458565e-12
2025-11-21,B1,1200.0,1200.0,,,0.0
2025-11-21,B3,1200.9170620653358,1211.871082285443,690.9320500937868,,1.8189894035458565e-12
2025-11-21,B4,1200.9170620653358,1207.9561526462055,496.7156650966539,6143.995079674587,1.8189894035458565e-12
2025-11-22,B1,1200.0,1200.0,,,0.0
2025-11-22,B3,1211.871082285443,1200.0,2356.5448564147505,,1.8189894035458565e-12
2025-11-22,B4,1207.9561526462055,1200.0,1945.3996021425464,30560.800579399292,1.8189894035458565e-12
2025-11-23,B1,1200.0,1200.0,,,0.0
2025-11-23,B3,1200.0,1201.543944807917,1413.9546469057082,,3.637978807091713e-12
2025-11-23,B4,1200.0,1200.0,1050.093166473756,7771.440090357661,1.8189894035458565e-12
2025-11-24,B1,1200.0,1200.0,,,0.0
2025-11-24,B3,1201.543944807917,1200.0,1364.2017932455187,,1.8189894035458565e-12
2025-11-24,B4,1200.0,1200.0,986.5218920194015,10848.256151297768,1.8189894035458565e-12
2025-11-25,B1,1200.0,1200.0,,,0.0
2025-11-25,B3,1200.0,1200.0,1516.1159045986167,,9.094947017729282e-12
2025-11-25,B4,1200.0,1200.0,806.3605614837896,7903.513757473247,1.8189894035458565e-12
2025-11-26,B1,1200.0,1200.0,,,0.0
2025-11-26,B3,1200.0,1200.0,669.2801651685796,,7.275957614183426e-12
2025-11-26,B4,1200.0,1200.0,520.2192480900844,4143.722863859523,1.8189894035458565e-12
2025-11-27,B1,1200.0,1200.0,,,0.0
2025-11-27,B3,1200.0,1200.0,1644.4159011702861,,1.8189894035458565e-11
2025-11-27,B4,1200.0,1200.0,814.9395079266606,8148.145597910709,1.8189894035458565e-12
2025-11-28,B1,1200.0,1200.0,,,0.0
2025-11-28,B3,1200.0,1200.0,530.8385292517335,,1.2050804798491299e-11
2025-11-28,B4,1200.0,1200.0,329.67319322152133,3898.464205472135,1.8189894035458565e-12
2025-11-29,B1,1200.0,1200.0,,,0.0
2025-11-29,B3,1200.0,1200.0,2205.371344866719,,1.5916157281026244e-10
2025-11-29,B4,1200.0,1200.0,1914.12364520096,34309.03068935856,3.637978807091713e-12
2025-11-30,B1,1200.0,1200.0,,,0.0
2025-11-30,B3,1200.0,1200.0,2140.9196287093528,,1.0913936421275139e-11
2025-11-30,B4,1200.0,1200.0,1846.4079208137764,29712.468955828408,1.8189894035458565e-12
2025-12-01,B1,1200.0,1200.0,,,0.0
2025-12-01,B3,1200.0,1200.0,921.5407289656539,,6.815525921410881e-11
2025-12-01,B4,1200.0,1200.0,845.2717407520769,9936.984436642984,2.2737367544323206e-12
2025-12-02,B1,1200.0,1200.0,,,0.0
2025-12-02,B3,1200.0,1200.0,1757.2343980774097,,1.716671249596402e-10
2025-12-02,B4,1200.0,1200.0,1248.4052467116808,15134.126243398578,1.8189894035458565e-12
2025-12-03,B1,1200.0,1200.0,,,0.0
2025-12-03,B3,1200.0,1200.0,2714.276943253309,,2.1827872842550278e-11
2025-12-03,B4,1200.0,1200.0,2065.047567043285,22186.38649417459,1.8189894035458565e-12
2025-12-04,B1,1200.0,1200.0,,,0.0
2025-12-04,B3,1200.0,1200.0,2273.2936985069987,,5.434230843093246e-11
2025-12-04,B4,1200.0,1200.0,1421.0101821185826,15779.499772120684,1.8189894035458565e-12
2025-12-05,B1,1200.0,1200.0,,,0.0
2025-12-05,B3,1200.0,1200.0,1597.271872715979,,5.6843418860808015e-12
2025-12-05,B4,1200.0,1200.0,473.1739758990102,7372.36460060745,1.8189894035458565e-12
2025-12-06,B1,1200.0,1200.0,,,0.0
2025-12-06,B3,1200.0,1200.0,3218.48714296003,,1.2278178473934531e-11
2025-12-06,B4,1200.0,1200.0,2530.9098976072305,24768.774671680498,1.8189894035458565e-12
2025-12-07,B1,1200.0,1200.0,,,0.0
2025-12-07,B3,1200.0,1200.0,2727.0796455697787,,1.000444171950221e-11
2025-12-07,B4,1200.0,1200.0,2126.8516339114276,32375.84842524131,1.8189894035458565e-12
2025-12-08,B1,1200.0,1200.0,,,0.0
2025-12-08,B3,1200.0,1242.1739618376653,1527.03490310189,,3.092281986027956e-11
2025-12-08,B4,1200.0,1247.3064062753444,672.1697295359547,5098.854358122667,1.8189894035458565e-12
2025-12-09,B1,1200.0,1200.0,,,0.0
2025-12-09,B3,1242.1739618376653,1207.9499244576193,1344.3096914784373,,1.000444171950221e-11
2025-12-09,B4,1247.3064062753444,1207.9499244576193,590.1498565932781,9226.242565417862,1.8189894035458565e-12
2025-12-10,B1,1200.0,1200.0,,,0.0
2025-12-10,B3,1207.9499244576193,1200.0,3043.1303553867615,,1.6711965145077556e-11
2025-12-10,B4,1207.9499244576193,1200.0,1465.6697555252026,15880.622534361491,1.8189894035458565e-12
2025-12-11,B1,1200.0,1200.0,,,0.0
2025-12-11,B3,1200.0,1202.8461147038154,2016.539160681781,,1.750777300912887e-11
2025-12-11,B4,1200.0,1200.0,1263.8508703885489,11819.626583055233,1.8189894035458565e-12
2025-12-12,B1,1200.0,1200.0,,,0.0
2025-12-12,B3,1202.8461147038154,1210.097074521053,2115.842876486722,,6.139089236967266e-12
2025-12-12,B4,1200.0,1200.0,1588.978106535835,20111.393176776088,1.8189894035458565e-12
2025-12-13,B1,1200.0,1200.0,,,0.0
2025-12-13,B3,1210.097074521053,1205.1389242930143,2037.2660721827876,,1.8189894035458565e-12
2025-12-13,B4,1200.0,1237.7692913270848,1467.0498106965697,16692.44015546126,1.8189894035458565e-12
2025-12-14,B1,1200.0,1200.0,,,0.0
2025-12-14,B3,1205.1389242930143,1200.0,3317.0795812068395,,5.161382432561368e-11
2025-12-14,B4,1237.7692913270848,1200.0,2401.1145754746276,33034.7661308858,1.8189894035458565e-12
2025-12-15,B1,1200.0,1200.0,,,0.0
2025-12-15,B3,1200.0,1225.353653099541,2445.932544655802,,3.637978807091713e-12
2025-12-15,B4,1200.0,1223.7557877623906,1108.8680480748094,8926.423083277015,1.8189894035458565e-12
2025-12-16,B1,1200.0,1200.0,,,0.0
2025-12-16,B3,1225.353653099541,1200.0,2744.3580946420693,,1.1016254575224593e-10
2025-12-16,B4,1223.7557877623906,1222.8798397147723,2271.312862784611,24552.7532156719,1.8189894035458565e-12
2025-12-17,B1,1200.0,1200.0,,,0.0
2025-12-17,B3,1200.0,1219.0252588990684,2984.0316383575396,,1.0913936421275139e-11
2025-12-17,B4,1222.8798397147723,1219.0242602441713,1445.4680224524527,15952.894487901496,1.8189894035458565e-12
2025-12-18,B1,1200.0,1200.0,,,0.0
2025-12-18,B3,1219.0252588990684,1207.4632557722564,1858.7545989185828,,1.1823431123048067e-11
2025-12-18,B4,1219.0242602441713,1207.4632557722564,1490.4440605737536,17243.291866933225,1.8189894035458565e-12
2025-12-19,B1,1200.0,1200.0,,,0.0
2025-12-19,B3,1207.4632557722564,1200.0,2140.3862491786044,,1.0686562745831907e-11
2025-12-19,B4,1207.4632557722564,1200.0,1155.8982799020403,10007.643930735427,1.8189894035458565e-12
2025-12-20,B1,1200.0,1200.0,,,0.0
2025-12-20,B3,1200.0,1217.0578158073708,3075.3920312684204,,4.803268893738277e-11
2025-12-20,B4,1200.0,1218.4231694277155,2586.040299703163,35205.76634689282,1.8189894035458565e-12
2025-12-21,B1,1200.0,1200.0,,,0.0
2025-12-21,B3,1217.0578158073708,1223.2797380629838,971.2930803115444,,1.0174971976084635e-11
2025-12-21,B4,1218.4231694277155,1217.8550542895405,604.1425895549615,6949.83831515064,1.8189894035458565e-12
2025-12-22,B1,1200.0,1200.0,,,0.0
2025-12-22,B3,1223.2797380629838,1200.0,2506.2185875545256,,2.190745362895541e-10
2025-12-22,B4,1217.8550542895405,1200.0,2075.1813773783606,24066.561266864326,1.8189894035458565e-12
2025-12-23,B1,1200.0,1200.0,,,0.0
2025-12-23,B3,1200.0,1213.3028053032974,2852.6415103691766,,1.2505552149377763e-11
2025-12-23,B4,1200.0,1213.302805303297,1257.49210369988,8857.151259777682,1.8189894035458565e-12
2025-12-24,B1,1200.0,1200.0,,,0.0
2025-12-24,B3,1213.3028053032974,1200.0,2135.1483797662586,,3.8198777474462986e-11
2025-12-24,B4,1213.302805303297,1200.0,1860.9720500564947,26497.240550984832,1.8189894035458565e-12
2025-12-25,B1,1200.0,1200.0,,,0.0
2025-12-25,B3,1200.0,1200.0,2523.4020539580492,,1.8189894035458565e-12
2025-12-25,B4,1200.0,1200.0,2023.555685505291,14793.370294281756,1.8189894035458565e-12
2025-12-26,B1,1200.0,1539.7117319852634,,,0.0
2025-12-26,B3,1200.0,1544.658616394154,1564.0229859824885,,9.094947017729282e-12
2025-12-26,B4,1200.0,1526.749733822235,1023.6366063974931,11778.75037691493,1.8189894035458565e-12
2025-12-27,B1,1539.7117319852634,1200.0,,,0.0
2025-12-27,B3,1544.658616394154,1206.283936654591,1859.4571614069152,,6.480149750132114e-12
2025-12-27,B4,1526.749733822235,1200.0,1313.9403407548202,19102.067739643317,1.8189894035458565e-12
2025-12-28,B1,1200.0,1200.0,,,0.0
2025-12-28,B3,1206.283936654591,1224.4304355027034,1298.2582872989103,,5.434230843093246e-11
2025-12-28,B4,1200.0,1215.1597463017781,1117.1152695045346,14470.700529317559,3.637978807091713e-12
2025-12-29,B1,1200.0,1200.0,,,0.0
2025-12-29,B3,1224.4304355027034,1200.0,1491.2155866781975,,3.26281224261038e-11
2025-12-29,B4,1215.1597463017781,1200.0,1332.5614891217053,13642.979475030226,1.8189894035458565e-12
2025-12-30,B1,1200.0,1200.0,,,0.0
2025-12-30,B3,1200.0,1259.9312032594053,1472.6624388971336,,5.343281372915953e-12
2025-12-30,B4,1200.0,1241.0229371199487,1243.112430445107,12247.228084823662,1.8189894035458565e-12
2025-12-31,B1,1200.0,1200.0,,,0.0
2025-12-31,B3,1259.9312032594053,1200.0,1713.67468131133,,1.3073986337985843e-11
2025-12-31,B4,1241.0229371199487,1200.0,1314.4379662276572,15883.802935402246,1.8189894035458565e-12
