validation_date,scenario_count,random_seed,unique_historical_dates,plan_cost_yuan,planning_expected_emergency_cost_yuan,planning_cvar95_yuan,actual_execution_cost_yuan,actual_emergency_kwh
2025-01-31,20,2026,20,30050.706047760614,627.6755795155115,5024.720307848671,31362.46323590738,278.4980170484338
2025-01-31,20,2027,20,29396.265994048685,991.5518289617996,7930.128338924262,31241.29732352004,385.07502002285287
2025-01-31,20,2028,20,29945.763574343822,648.8375956290172,5326.495015287495,31585.245856403202,333.4022999991017
2025-01-31,50,2026,21,29070.39069328548,840.959038431282,8708.995493130918,30892.873109049833,374.81331525122437
2025-01-31,50,2027,21,29900.57896844318,555.2179038158704,5319.7606567402645,31374.292780858166,313.99553599605105
2025-01-31,50,2028,20,30289.983345307803,473.1304103157313,3807.323036955856,31712.588254017304,294.5079100534831
2025-01-31,100,2026,23,29354.129012115787,1013.0211158400073,8195.524329913173,31022.40942436788,346.41030953263567
2025-01-31,100,2027,23,29982.30889865353,540.3047957024692,5020.362919300044,31456.022711068617,313.99553599607145
2025-01-31,100,2028,23,30011.446865033387,601.002470508425,5027.515116505625,31635.41669015799,328.8139653599544
