date,policy,initial_soc_kwh,terminal_soc_kwh,expected_scenario_emergency_cost_yuan,planning_scenario_emergency_cvar95_yuan,max_planning_residual
2025-02-01,B1,3911.098134470335,1209.7760767452207,,,0.0
2025-02-01,B3,3911.098134470335,1209.7760767452207,1077.843672058041,,1.8189894035458565e-12
2025-02-01,B4,3911.098134470335,1209.7760767452207,560.7550634065965,4411.368820341243,1.8189894035458565e-12
2025-02-02,B1,1209.7760767452207,1205.9200660289312,,,0.0
2025-02-02,B3,1209.7760767452207,1300.1771920765138,4312.014361568858,,1.1141310096718373e-11
2025-02-02,B4,1209.7760767452207,1290.3986337666895,4037.5198577798055,43867.89335998664,1.8189894035458565e-12
2025-02-03,B1,1205.9200660289312,1214.7415490547662,,,0.0
2025-02-03,B3,1300.1771920765138,1200.0,5195.902709315698,,1.8189894035458565e-12
2025-02-03,B4,1290.3986337666895,1200.0,929.858567132979,8046.047636309734,1.8189894035458565e-12
2025-02-04,B1,1214.7415490547662,1200.0,,,0.0
2025-02-04,B3,1200.0,1331.3410113023613,6306.833468410201,,4.092726157978177e-12
2025-02-04,B4,1200.0,1257.5893324935998,4034.2074740165936,29125.875655701064,1.8189894035458565e-12
2025-02-05,B1,1200.0,1311.7972215902462,,,0.0
2025-02-05,B3,1331.3410113023613,1285.869771322719,5066.807304308259,,6.366462912410498e-12
2025-02-05,B4,1257.5893324935998,1285.869771322719,1129.1628567793002,11766.522996087346,1.8189894035458565e-12
2025-02-06,B1,1311.7972215902462,1241.398628924108,,,0.0
2025-02-06,B3,1285.869771322719,1262.4855816357936,5203.631964930879,,3.0127011996228248e-12
2025-02-06,B4,1285.869771322719,1262.7772323994818,1126.4456756287682,11796.237586187355,9.094947017729282e-12
2025-02-07,B1,1241.398628924108,1240.297616436631,,,0.0
2025-02-07,B3,1262.4855816357936,1248.340176257327,2974.6741457329776,,1.318767317570746e-11
2025-02-07,B4,1262.7772323994818,1234.7468979261296,681.494675582189,6028.815074201687,1.8189894035458565e-12
2025-02-08,B1,1240.297616436631,1233.7379144590334,,,0.0
2025-02-08,B3,1248.340176257327,1234.0378295826915,3830.2342784945386,,4.320099833421409e-12
2025-02-08,B4,1234.7468979261296,1233.7379144590336,2006.6741430818035,14252.689552910357,1.8189894035458565e-12
2025-02-09,B1,1233.7379144590334,1200.0,,,0.0
2025-02-09,B3,1234.0378295826915,1200.0,5658.311048371936,,2.7966962079517543e-11
2025-02-09,B4,1233.7379144590336,1200.0,3924.207149079616,32997.27998918738,1.8189894035458565e-12
2025-02-10,B1,1200.0,1200.0,,,0.0
2025-02-10,B3,1200.0,1200.0,5907.566322263728,,5.3432813729159526e-12
2025-02-10,B4,1200.0,1200.0,3348.0658695885163,24967.88061071307,1.8189894035458565e-12
2025-02-11,B1,1200.0,1200.0,,,0.0
2025-02-11,B3,1200.0,1200.0,4767.196660196716,,6.480149750132114e-12
2025-02-11,B4,1200.0,1200.0,1161.9699801203192,11488.354373916083,1.8189894035458565e-12
2025-02-12,B1,1200.0,1200.0,,,0.0
2025-02-12,B3,1200.0,1200.0,5969.255345310759,,1.6370904631912708e-11
2025-02-12,B4,1200.0,1200.0,3480.156070082708,27468.356075139985,1.8189894035458565e-12
2025-02-13,B1,1200.0,1200.0,,,0.0
2025-02-13,B3,1200.0,1200.0,5780.135660321265,,1.8189894035458565e-12
2025-02-13,B4,1200.0,1201.0511785448505,3149.208844444433,23673.78009804428,1.8189894035458565e-12
2025-02-14,B1,1200.0,1200.0,,,0.0
2025-02-14,B3,1200.0,1200.0,3097.0124371467564,,1.8189894035458565e-12
2025-02-14,B4,1201.0511785448505,1201.135707273449,1440.9486602695308,11134.698505977904,1.8189894035458565e-12
2025-02-15,B1,1200.0,1200.0,,,0.0
2025-02-15,B3,1200.0,1200.0,3349.500613974562,,8.412825991399586e-12
2025-02-15,B4,1201.135707273449,1200.0,1558.491960848983,11793.380746333967,1.8189894035458565e-12
2025-02-16,B1,1200.0,1200.0,,,0.0
2025-02-16,B3,1200.0,1200.0,4953.188201471622,,3.637978807091713e-12
2025-02-16,B4,1200.0,1200.0,1040.0825920734153,10299.49524546317,9.094947017729282e-13
2025-02-17,B1,1200.0,1223.123077096619,,,0.0
2025-02-17,B3,1200.0,1236.0657559315896,4653.737077961859,,2.103206497849897e-11
2025-02-17,B4,1200.0,1233.9580482733704,4138.7188273726615,43488.55592904523,1.8189894035458565e-12
2025-02-18,B1,1223.123077096619,1200.0,,,0.0
2025-02-18,B3,1236.0657559315896,1200.0,4696.474336490682,,1.3642420526593924e-12
2025-02-18,B4,1233.9580482733704,1200.0,967.9149368913272,10352.185561158483,1.8189894035458565e-12
2025-02-19,B1,1200.0,1200.0,,,0.0
2025-02-19,B3,1200.0,1200.0,6095.266883363447,,2.160049916710705e-12
2025-02-19,B4,1200.0,1200.0,3521.9000561430857,29091.046335594543,1.8189894035458565e-12
2025-02-20,B1,1200.0,1200.0,,,0.0
2025-02-20,B3,1200.0,1200.0,5715.411965989982,,1.8189894035458565e-12
2025-02-20,B4,1200.0,1200.0,3724.759847825304,30451.670620487293,1.8189894035458565e-12
2025-02-21,B1,1200.0,1200.0,,,0.0
2025-02-21,B3,1200.0,1200.0,1193.8611957764049,,1.8189894035458565e-12
2025-02-21,B4,1200.0,1200.0,1127.5396429612688,20974.033683429177,1.8189894035458565e-12
2025-02-22,B1,1200.0,1200.0,,,0.0
2025-02-22,B3,1200.0,1200.0,1078.7180838959832,,1.8189894035458565e-12
2025-02-22,B4,1200.0,1200.0,963.028538434154,18693.478139801387,1.8189894035458565e-12
2025-02-23,B1,1200.0,1200.0,,,0.0
2025-02-23,B3,1200.0,1200.0,4212.276647708152,,5.4569682106375694e-12
2025-02-23,B4,1200.0,1200.0,3724.798397049538,40185.82792387797,1.8189894035458565e-12
2025-02-24,B1,1200.0,1223.5205972345689,,,0.0
2025-02-24,B3,1200.0,1207.4590426623763,6221.172931314555,,3.2741809263825417e-11
2025-02-24,B4,1200.0,1207.459042662377,3504.2334131822377,27302.716895311514,1.8189894035458565e-12
2025-02-25,B1,1223.5205972345689,1200.0,,,0.0
2025-02-25,B3,1207.4590426623763,1208.03115125743,3967.2334470171672,,1.091393642127514e-11
2025-02-25,B4,1207.459042662377,1200.0,3342.261790448682,35046.73104980039,1.8189894035458565e-12
2025-02-26,B1,1200.0,1200.0,,,0.0
2025-02-26,B3,1208.03115125743,1234.993275113478,2922.8928331146703,,4.888534022029489e-12
2025-02-26,B4,1200.0,1209.7774597195396,2310.2079257276146,40668.32158902543,1.8189894035458565e-12
2025-02-27,B1,1200.0,1200.0,,,0.0
2025-02-27,B3,1234.993275113478,1230.5428119220526,4852.300396998569,,4.206412995699793e-11
2025-02-27,B4,1209.7774597195396,1230.048967292904,4125.284569894865,40464.039820003294,1.8189894035458565e-12
2025-02-28,B1,1200.0,1200.0,,,0.0
2025-02-28,B3,1230.5428119220526,1227.5317505583591,1132.862418662415,,1.8189894035458565e-12
2025-02-28,B4,1230.048967292904,1222.4863047016663,1077.1786687488063,19928.703371820196,1.8189894035458565e-12
2025-03-01,B1,1200.0,1237.6879260644062,,,0.0
2025-03-01,B3,1227.5317505583591,1261.288503609844,1110.6555733483567,,1.8189894035458565e-12
2025-03-01,B4,1222.4863047016663,1254.60667721882,1054.7370632810162,19323.404775839062,1.8189894035458565e-12
2025-03-02,B1,1237.6879260644062,1200.0,,,0.0
2025-03-02,B3,1261.288503609844,1200.0,2919.490508117518,,7.048583938740194e-12
2025-03-02,B4,1254.60667721882,1200.0,2469.5720358226536,38448.987111570204,1.8189894035458565e-12
2025-03-03,B1,1200.0,1200.0,,,0.0
2025-03-03,B3,1200.0,1200.0,352.0986804254118,,7.617018127348274e-12
2025-03-03,B4,1200.0,1200.0,178.1286584654123,3017.245864781017,1.8189894035458565e-12
2025-03-04,B1,1200.0,1200.0,,,0.0
2025-03-04,B3,1200.0,1200.0,890.1606912466727,,6.548361852765083e-11
2025-03-04,B4,1200.0,1200.0,715.6775447347181,11931.102089841048,3.637978807091713e-12
2025-03-05,B1,1200.0,1200.0,,,0.0
2025-03-05,B3,1200.0,1200.0,328.19608871471394,,2.9672264645341784e-11
2025-03-05,B4,1200.0,1200.0,161.38818077957478,2751.060367927264,1.8189894035458565e-12
2025-03-06,B1,1200.0,1200.0,,,0.0
2025-03-06,B3,1200.0,1200.0,326.16929622348835,,1.7735146684572097e-11
2025-03-06,B4,1200.0,1200.0,174.03065758315338,2905.121869559549,1.8189894035458565e-12
2025-03-07,B1,1200.0,1236.0464657120351,,,0.0
2025-03-07,B3,1200.0,1240.3424701332794,172.36090535508637,,9.77706804405898e-12
2025-03-07,B4,1200.0,1240.3424701332794,139.25169705507258,629.1921335397459,1.8189894035458565e-12
2025-03-08,B1,1236.0464657120351,1200.0,,,0.0
2025-03-08,B3,1240.3424701332794,1200.0,1792.8123437043848,,1.0572875908110289e-11
2025-03-08,B4,1240.3424701332794,1200.0,1693.4786463447908,17433.178723501507,1.8189894035458565e-12
2025-03-09,B1,1200.0,1200.0,,,0.0
2025-03-09,B3,1200.0,1200.0,5767.795458681912,,5.002220859751105e-12
2025-03-09,B4,1200.0,1200.0,2580.443638456958,21002.94303446265,1.8189894035458565e-12
2025-03-10,B1,1200.0,1238.190907966913,,,0.0
2025-03-10,B3,1200.0,1230.1528317482764,902.3941561002626,,3.092281986027956e-11
2025-03-10,B4,1200.0,1238.1909079669126,718.551362810547,11821.919969653216,2.7284841053187847e-12
2025-03-11,B1,1238.190907966913,1200.0,,,0.0
2025-03-11,B3,1230.1528317482764,1303.5854455545082,1237.8381059391925,,2.7966962079517543e-11
2025-03-11,B4,1238.1909079669126,1292.4836144243532,1091.7752139018655,11466.736459480637,1.8189894035458565e-12
2025-03-12,B1,1200.0,1200.0,,,0.0
2025-03-12,B3,1303.5854455545082,1200.374738797408,665.8587724201052,,1.5347723092418164e-11
2025-03-12,B4,1292.4836144243532,1200.374738797408,512.1863756234237,7252.35819193723,1.8189894035458565e-12
2025-03-13,B1,1200.0,1200.0,,,0.0
2025-03-13,B3,1200.374738797408,1200.0,1206.7167169322988,,2.7284841053187847e-12
2025-03-13,B4,1200.374738797408,1200.0,1131.503440460012,12354.898630746598,3.637978807091713e-12
2025-03-14,B1,1200.0,1217.1451299431517,,,0.0
2025-03-14,B3,1200.0,1217.1451299431512,160.02427135189515,,1.8189894035458565e-12
2025-03-14,B4,1200.0,1217.1451299431512,94.68355875750837,483.10080209629183,1.8189894035458565e-12
2025-03-15,B1,1217.1451299431517,1200.0,,,0.0
2025-03-15,B3,1217.1451299431512,1200.0,1728.203295256631,,1.8189894035458565e-12
2025-03-15,B4,1217.1451299431512,1200.0,1695.7852373629864,17045.853141918054,1.8189894035458565e-12
2025-03-16,B1,1200.0,1200.0,,,0.0
2025-03-16,B3,1200.0,1200.0,2360.7377870069013,,3.8880898500792676e-11
2025-03-16,B4,1200.0,1200.0,2216.639298509537,31800.995130054373,1.8189894035458565e-12
2025-03-17,B1,1200.0,1200.0,,,0.0
2025-03-17,B3,1200.0,1200.0,1300.4964305697422,,9.77706804405898e-12
2025-03-17,B4,1200.0,1200.0,1254.8799632464288,16430.198260107743,1.8189894035458565e-12
2025-03-18,B1,1200.0,1200.0,,,0.0
2025-03-18,B3,1200.0,1200.0,1153.0235213793394,,1.2278178473934531e-11
2025-03-18,B4,1200.0,1200.0,1063.866687511047,17784.885065297727,1.8189894035458565e-12
2025-03-19,B1,1200.0,1268.19296684674,,,0.0
2025-03-19,B3,1200.0,1233.5341404840335,260.21839756960844,,9.5042196335271e-11
2025-03-19,B4,1200.0,1227.616252998865,175.7795278682814,3028.3600285230445,3.637978807091713e-12
2025-03-20,B1,1268.19296684674,1200.0,,,0.0
2025-03-20,B3,1233.5341404840335,1200.0,1677.9605733931865,,2.4897417461033907e-11
2025-03-20,B4,1227.616252998865,1200.0,1122.6788213335535,12070.599890554156,1.8189894035458565e-12
2025-03-21,B1,1200.0,1200.0,,,0.0
2025-03-21,B3,1200.0,1200.0,167.38081257545923,,1.8189894035458565e-12
2025-03-21,B4,1200.0,1200.0,121.27359740253542,562.4569626282916,3.637978807091713e-12
2025-03-22,B1,1200.0,1200.0,,,0.0
2025-03-22,B3,1200.0,1200.0,226.74390077643343,,1.8189894035458565e-12
2025-03-22,B4,1200.0,1200.0,150.51033991783285,1163.7099977124876,1.8189894035458565e-12
2025-03-23,B1,1200.0,1200.0,,,0.0
2025-03-23,B3,1200.0,1231.4274578580596,2357.982497925405,,2.034994395216927e-10
2025-03-23,B4,1200.0,1231.4274578580596,2276.937108605229,34082.88338938678,2.0463630789890885e-12
2025-03-24,B1,1200.0,1200.0,,,0.0
2025-03-24,B3,1231.4274578580596,1200.0,448.9116203574892,,1.8189894035458565e-12
2025-03-24,B4,1231.4274578580596,1200.0,299.24024166335005,3100.800145703526,1.8189894035458565e-12
2025-03-25,B1,1200.0,1200.0,,,0.0
2025-03-25,B3,1200.0,1210.227254354574,1205.3177297169514,,5.4569682106375694e-12
2025-03-25,B4,1200.0,1210.227254354574,740.473393682522,10628.77877145936,1.8189894035458565e-12
2025-03-26,B1,1200.0,1200.0,,,0.0
2025-03-26,B3,1210.227254354574,1200.0,1102.9218361376957,,1.0447820386616512e-10
2025-03-26,B4,1210.227254354574,1200.0,705.5301361703414,8011.456268411675,1.8189894035458565e-12
2025-03-27,B1,1200.0,1200.0,,,0.0
2025-03-27,B3,1200.0,1200.0,1639.3039429731268,,2.7284841053187847e-12
2025-03-27,B4,1200.0,1200.0,1017.90696457544,11001.173186481705,3.637978807091713e-12
2025-03-28,B1,1200.0,1200.0,,,0.0
2025-03-28,B3,1200.0,1200.0,167.95748190344707,,1.8189894035458565e-12
2025-03-28,B4,1200.0,1200.0,74.64785536910637,601.7787868449406,1.8189894035458565e-12
2025-03-29,B1,1200.0,1200.0385974629835,,,0.0
2025-03-29,B3,1200.0,1200.0385974629835,1031.138995761127,,1.8189894035458565e-12
2025-03-29,B4,1200.0,1205.6551411077892,930.0245409959036,16447.17997898029,1.8189894035458565e-12
2025-03-30,B1,1200.0385974629835,1200.0,,,0.0
2025-03-30,B3,1200.0385974629835,1200.0,2263.0147382974105,,9.913492249324918e-11
2025-03-30,B4,1205.6551411077892,1200.0,1845.7428630672396,30728.93625592857,1.8189894035458565e-12
2025-03-31,B1,1200.0,1262.0725583380708,,,0.0
2025-03-31,B3,1200.0,1277.224769172214,1360.557152101591,,1.1226575225009585e-11
2025-03-31,B4,1200.0,1277.224769172214,771.84327506527,9120.492619325709,1.8189894035458565e-12
2025-04-01,B1,1262.0725583380708,1200.0,,,0.0
2025-04-01,B3,1277.224769172214,1200.0,788.4766987800775,,9.549694368615746e-12
2025-04-01,B4,1277.224769172214,1200.0,491.0378445376873,7353.606830260207,2.7284841053187847e-12
2025-04-02,B1,1200.0,1200.0,,,0.0
2025-04-02,B3,1200.0,1231.094555665172,944.4896584508498,,4.888534022029489e-12
2025-04-02,B4,1200.0,1231.094555665172,398.6875301257145,5471.716134066651,3.637978807091713e-12
2025-04-03,B1,1200.0,1200.0,,,0.0
2025-04-03,B3,1231.094555665172,1200.0,1051.022112470998,,2.8535396268125623e-11
2025-04-03,B4,1231.094555665172,1200.0,632.1152436589463,5011.180696992347,1.8189894035458565e-12
2025-04-04,B1,1200.0,1200.0,,,0.0
2025-04-04,B3,1200.0,1244.6677599733116,197.30049496576655,,1.8189894035458565e-12
2025-04-04,B4,1200.0,1244.6677599733116,176.16257547682366,914.2616204267118,2.7284841053187847e-12
2025-04-05,B1,1200.0,1211.8479118815742,,,0.0
2025-04-05,B3,1244.6677599733116,1211.8479118815742,912.4806936821192,,1.8189894035458565e-12
2025-04-05,B4,1244.6677599733116,1211.8479118815742,876.7451556888938,16061.101622641005,1.8189894035458565e-12
2025-04-06,B1,1211.8479118815742,1200.0,,,0.0
2025-04-06,B3,1211.8479118815742,1201.9939948845963,2195.9551421531746,,9.322320693172514e-12
2025-04-06,B4,1211.8479118815742,1203.7870284538517,1878.103626797416,30018.18087774632,1.8189894035458565e-12
2025-04-07,B1,1200.0,1200.0,,,0.0
2025-04-07,B3,1201.9939948845963,1200.0,746.1455099744777,,3.183231456205249e-12
2025-04-07,B4,1203.7870284538517,1200.0,504.9634918962772,5524.677979512615,1.8189894035458565e-12
2025-04-08,B1,1200.0,1200.0,,,0.0
2025-04-08,B3,1200.0,1200.0,696.8270798016949,,3.637978807091713e-12
2025-04-08,B4,1200.0,1200.0,508.3346024664172,5734.0724602402215,1.8189894035458565e-12
2025-04-09,B1,1200.0,1200.0,,,0.0
2025-04-09,B3,1200.0,1200.0,945.6568020837468,,3.0013325158506625e-11
2025-04-09,B4,1200.0,1200.0,702.3996399801355,8431.886587933457,1.8189894035458565e-12
2025-04-10,B1,1200.0,1200.0,,,0.0
2025-04-10,B3,1200.0,1274.771882622737,826.7987641389784,,3.637978807091713e-12
2025-04-10,B4,1200.0,1270.910166571268,660.6281629762765,4236.107677469103,1.8189894035458565e-12
2025-04-11,B1,1200.0,1200.0,,,0.0
2025-04-11,B3,1274.771882622737,1200.0,210.8421072070027,,1.8189894035458565e-12
2025-04-11,B4,1270.910166571268,1200.0,130.14491936117648,559.6035911428452,1.8189894035458565e-12
2025-04-12,B1,1200.0,1200.0,,,0.0
2025-04-12,B3,1200.0,1200.0,756.7837284579354,,1.8189894035458565e-12
2025-04-12,B4,1200.0,1200.0,691.2774340934944,13192.295419160471,1.8189894035458565e-12
2025-04-13,B1,1200.0,1200.9614112793308,,,0.0
2025-04-13,B3,1200.0,1202.5740491417714,3140.189158097652,,3.538502824085299e-12
2025-04-13,B4,1200.0,1202.5740491417714,3045.8185812114584,30995.69036795955,1.8189894035458565e-12
2025-04-14,B1,1200.9614112793308,1200.0,,,0.0
2025-04-14,B3,1202.5740491417714,1200.0,799.6592487051892,,1.1596057447604837e-11
2025-04-14,B4,1202.5740491417714,1200.0,619.5236916056678,4103.417536871364,3.637978807091713e-12
2025-04-15,B1,1200.0,1206.054321312066,,,0.0
2025-04-15,B3,1200.0,1238.9178232702943,740.3271702033791,,1.2732925824820995e-11
2025-04-15,B4,1200.0,1238.917823270294,373.4022797470987,2720.541255050378,1.8189894035458565e-12
2025-04-16,B1,1206.054321312066,1200.0,,,0.0
2025-04-16,B3,1238.9178232702943,1200.0,582.2207542495736,,1.2278178473934531e-11
2025-04-16,B4,1238.917823270294,1200.0,548.1290284366781,5442.570608409089,1.8189894035458565e-12
2025-04-17,B1,1200.0,1200.0,,,0.0
2025-04-17,B3,1200.0,1200.0,805.4762465733929,,1.9895196601282805e-11
2025-04-17,B4,1200.0,1200.0,577.70263028466,5972.381264896021,1.8189894035458565e-12
2025-04-18,B1,1200.0,1200.0,,,0.0
2025-04-18,B3,1200.0,1256.484575359526,192.21583254277695,,1.8189894035458565e-12
2025-04-18,B4,1200.0,1268.3766226955909,157.5619945003894,643.684900724511,1.8189894035458565e-12
2025-04-19,B1,1200.0,1200.0,,,0.0
2025-04-19,B3,1256.484575359526,1200.0,91.9194102517167,,1.8189894035458565e-12
2025-04-19,B4,1268.3766226955909,1200.0,87.46567054473714,631.8851568187993,1.8189894035458565e-12
2025-04-20,B1,1200.0,1200.0,,,0.0
2025-04-20,B3,1200.0,1200.0,2655.9714112248766,,2.5465851649641987e-11
2025-04-20,B4,1200.0,1200.0,1927.3174006840704,30954.819832021065,1.8189894035458565e-12
2025-04-21,B1,1200.0,1200.0,,,0.0
2025-04-21,B3,1200.0,1201.753728419599,850.8768055072535,,1.8189894035458565e-12
2025-04-21,B4,1200.0,1200.0,694.2248967378406,5470.655312247633,5.4569682106375694e-12
2025-04-22,B1,1200.0,1200.0,,,0.0
2025-04-22,B3,1201.753728419599,1200.0,677.2016563220053,,1.0118128557223828e-11
2025-04-22,B4,1200.0,1200.0,259.9220702059066,2247.410187806044,1.8189894035458565e-12
2025-04-23,B1,1200.0,1200.0,,,0.0
2025-04-23,B3,1200.0,1233.8251633904626,667.8570748092924,,6.195932655828074e-12
2025-04-23,B4,1200.0,1233.8251633904626,469.2433297520341,5072.871768044236,1.8189894035458565e-12
2025-04-24,B1,1200.0,1200.0,,,0.0
2025-04-24,B3,1233.8251633904626,1200.0,581.6759444169827,,1.148237060988322e-11
2025-04-24,B4,1233.8251633904626,1200.0,472.852114815144,6161.492433710637,1.8189894035458565e-12
2025-04-25,B1,1200.0,1200.0,,,0.0
2025-04-25,B3,1200.0,1200.0,137.013401687036,,9.094947017729282e-13
2025-04-25,B4,1200.0,1200.0,103.71680485211776,755.5408922198379,1.8189894035458565e-12
2025-04-26,B1,1200.0,1205.851168139625,,,0.0
2025-04-26,B3,1200.0,1205.851168139625,1458.0283170513594,,1.8189894035458565e-12
2025-04-26,B4,1200.0,1205.851168139625,1362.1536603957973,14198.526844712129,2.273736754432321e-12
2025-04-27,B1,1205.851168139625,1200.0,,,0.0
2025-04-27,B3,1205.851168139625,1200.0,1920.055054502004,,7.332801033044234e-12
2025-04-27,B4,1205.851168139625,1200.0,1729.147091722721,28867.84908723428,3.637978807091713e-12
2025-04-28,B1,1200.0,1200.0,,,0.0
2025-04-28,B3,1200.0,1219.668444755117,852.8118498770189,,1.0231815394945444e-11
2025-04-28,B4,1200.0,1213.5230928360395,609.1185864460058,6620.519945038649,1.8189894035458565e-12
2025-04-29,B1,1200.0,1200.0,,,0.0
2025-04-29,B3,1219.668444755117,1200.0,761.1931564708998,,1.9099388737231493e-11
2025-04-29,B4,1213.5230928360395,1200.0,403.6746343285074,3263.296802581462,6.366462912410498e-12
2025-04-30,B1,1200.0,1200.0,,,0.0
2025-04-30,B3,1200.0,1200.0,1224.9214351890166,,4.7634785005357116e-11
2025-04-30,B4,1200.0,1200.0,559.1999986005789,4917.139250575077,3.637978807091713e-12
2025-05-01,B1,1200.0,1200.0,,,0.0
2025-05-01,B3,1200.0,1200.0,991.5081769168112,,1.0231815394945444e-11
2025-05-01,B4,1200.0,1200.0,427.5513869225389,6605.486972886885,3.637978807091713e-12
2025-05-02,B1,1200.0,1200.0,,,0.0
2025-05-02,B3,1200.0,1200.0,176.01136468850885,,1.8189894035458565e-12
2025-05-02,B4,1200.0,1200.0,159.9721402123776,669.029267706247,1.8189894035458565e-12
2025-05-03,B1,1200.0,1200.0,,,0.0
2025-05-03,B3,1200.0,1200.0,908.7817912847514,,1.8189894035458565e-12
2025-05-03,B4,1200.0,1200.0,832.813760183041,15985.077914735484,1.8189894035458565e-12
2025-05-04,B1,1200.0,1200.0,,,0.0
2025-05-04,B3,1200.0,1200.0,1379.815742267813,,5.650235834764317e-11
2025-05-04,B4,1200.0,1200.0,606.1258080780212,7637.220718620161,1.8189894035458565e-12
2025-05-05,B1,1200.0,1200.0,,,0.0
2025-05-05,B3,1200.0,1200.0,1953.7246208499157,,8.071765478234738e-12
2025-05-05,B4,1200.0,1200.0,1899.0853961280636,12887.760507238205,1.8189894035458565e-12
2025-05-06,B1,1200.0,1200.0,,,0.0
2025-05-06,B3,1200.0,1200.0,2537.778269969704,,3.3935521059902385e-11
2025-05-06,B4,1200.0,1200.0,2155.2653769931294,23163.95782752852,1.8189894035458565e-12
2025-05-07,B1,1200.0,1200.0,,,0.0
2025-05-07,B3,1200.0,1210.5064271983092,2174.102354051626,,6.821210263296962e-12
2025-05-07,B4,1200.0,1200.0,1658.0782401809622,20507.240964143435,7.275957614183426e-12
2025-05-08,B1,1200.0,1200.0,,,0.0
2025-05-08,B3,1210.5064271983092,1210.209978892206,2014.095813531582,,8.697043085703626e-12
2025-05-08,B4,1200.0,1200.0,1681.4830586206476,20288.19775038658,1.8189894035458565e-12
2025-05-09,B1,1200.0,1200.0,,,0.0
2025-05-09,B3,1210.209978892206,1245.470703322684,882.0927246636978,,1.8189894035458565e-12
2025-05-09,B4,1200.0,1214.6446932471586,287.7533222212878,2239.1211961250124,1.8189894035458565e-12
2025-05-10,B1,1200.0,1209.6562202978532,,,0.0
2025-05-10,B3,1245.470703322684,1224.6695002387116,2019.351005912957,,1.8189894035458565e-12
2025-05-10,B4,1214.6446932471586,1225.5864383156122,765.5963956701614,7727.58297509674,1.8189894035458565e-12
2025-05-11,B1,1209.6562202978532,1200.0,,,0.0
2025-05-11,B3,1224.6695002387116,1200.0,1192.076592299911,,7.776179700158535e-11
2025-05-11,B4,1225.5864383156122,1200.0,1092.1772486487218,14008.617659914386,1.8189894035458565e-12
2025-05-12,B1,1200.0,1200.0,,,0.0
2025-05-12,B3,1200.0,1245.470703322684,1209.2760848740754,,6.707523425575346e-12
2025-05-12,B4,1200.0,1245.470703322684,910.2505450514658,9387.35050403964,1.8189894035458565e-12
2025-05-13,B1,1200.0,1254.2214729008792,,,0.0
2025-05-13,B3,1245.470703322684,1293.061488303491,1523.839880580994,,9.890754881780596e-12
2025-05-13,B4,1245.470703322684,1234.8227580203295,952.51314376293,5689.433922639265,1.8189894035458565e-12
2025-05-14,B1,1254.2214729008792,1200.0,,,0.0
2025-05-14,B3,1293.061488303491,1200.0,2422.695199222644,,1.0459189070388676e-11
2025-05-14,B4,1234.8227580203295,1200.0,1656.9571453789113,20122.867169866604,1.8189894035458565e-12
2025-05-15,B1,1200.0,1234.4816102210937,,,0.0
2025-05-15,B3,1200.0,1250.411828238853,2452.0796158753687,,8.128608897095546e-12
2025-05-15,B4,1200.0,1250.3734497759815,1671.2467049645572,20820.31693214087,1.8189894035458565e-12
2025-05-16,B1,1234.4816102210937,1200.0,,,0.0
2025-05-16,B3,1250.411828238853,1200.0,956.1338761116888,,9.094947017729282e-13
2025-05-16,B4,1250.3734497759815,1200.0,256.5744551022059,2275.8794725012963,1.8189894035458565e-12
2025-05-17,B1,1200.0,1200.0,,,0.0
2025-05-17,B3,1200.0,1200.0,2052.1666699526186,,1.8189894035458565e-12
2025-05-17,B4,1200.0,1200.0,869.0326037908221,7152.592561273185,1.8189894035458565e-12
2025-05-18,B1,1200.0,1200.0,,,0.0
2025-05-18,B3,1200.0,1224.1348056719758,2632.176064248787,,2.432898327242583e-11
2025-05-18,B4,1200.0,1219.576872588306,1769.5843873122296,25146.350000318955,1.8189894035458565e-12
2025-05-19,B1,1200.0,1200.0,,,0.0
2025-05-19,B3,1224.1348056719758,1200.0,1734.216843474844,,3.950617610826157e-12
2025-05-19,B4,1219.576872588306,1200.0,1407.2046836941306,9637.40538667851,1.8189894035458565e-12
2025-05-20,B1,1200.0,1200.0,,,0.0
2025-05-20,B3,1200.0,1200.0,1729.034635152699,,9.094947017729282e-12
2025-05-20,B4,1200.0,1200.0,1097.6933589247124,9085.698340606708,1.8189894035458565e-12
2025-05-21,B1,1200.0,1200.0,,,0.0
2025-05-21,B3,1200.0,1200.0,2593.303974466982,,1.3244516594568267e-11
2025-05-21,B4,1200.0,1200.0,1086.174731849096,6858.850607187033,1.8189894035458565e-12
2025-05-22,B1,1200.0,1200.0,,,0.0
2025-05-22,B3,1200.0,1203.4745065186517,2157.9036224651068,,1.1300471669528632e-10
2025-05-22,B4,1200.0,1238.9533618437445,1787.4545984282177,22231.637178601733,1.8189894035458565e-12
2025-05-23,B1,1200.0,1200.0,,,0.0
2025-05-23,B3,1203.4745065186517,1242.2333720712309,141.2569974727351,,1.8189894035458565e-12
2025-05-23,B4,1238.9533618437445,1233.1980172182723,127.85000290453358,598.1758081928766,1.8189894035458565e-12
2025-05-24,B1,1200.0,1245.9326169691149,,,0.0
2025-05-24,B3,1242.2333720712309,1245.9326169691149,1418.2575431200526,,1.8189894035458565e-12
2025-05-24,B4,1233.1980172182723,1245.9326169691149,589.7669282789591,5292.856776905956,1.8189894035458565e-12
2025-05-25,B1,1245.9326169691149,1200.0,,,0.0
2025-05-25,B3,1245.9326169691149,1268.789023084398,1952.1881569511456,,4.5474735088646405e-11
2025-05-25,B4,1245.9326169691149,1268.7890230843916,1677.933107678407,28594.036047292782,1.8189894035458565e-12
2025-05-26,B1,1200.0,1283.6767348714416,,,0.0
2025-05-26,B3,1268.789023084398,1283.6767348714416,3173.5543881161466,,2.296474121976644e-11
2025-05-26,B4,1268.7890230843916,1283.6767348714416,2636.713788003957,27195.29968953868,1.8189894035458565e-12
2025-05-27,B1,1283.6767348714416,1200.0,,,0.0
2025-05-27,B3,1283.6767348714416,1242.459135384696,2658.3176277970924,,7.275957614183426e-12
2025-05-27,B4,1283.6767348714416,1200.0,1729.008245240118,20229.132497998024,1.8189894035458565e-12
2025-05-28,B1,1200.0,1202.161670526967,,,0.0
2025-05-28,B3,1242.459135384696,1241.3032038149854,2517.000536362849,,3.865352482534945e-12
2025-05-28,B4,1200.0,1232.7365817918844,1750.6516561285732,20588.185346516024,1.8189894035458565e-12
2025-05-29,B1,1202.161670526967,1200.0,,,0.0
2025-05-29,B3,1241.3032038149854,1200.0,2137.98688594829,,4.035882739117369e-12
2025-05-29,B4,1232.7365817918844,1200.0,1864.9258191998292,10871.27686199925,1.8189894035458565e-12
2025-05-30,B1,1200.0,1200.0,,,0.0
2025-05-30,B3,1200.0,1200.0,1509.1728137283594,,1.8189894035458565e-12
2025-05-30,B4,1200.0,1200.0,577.2439776540473,4402.107375527957,1.8189894035458565e-12
2025-05-31,B1,1200.0,1200.0,,,0.0
2025-05-31,B3,1200.0,1200.0,2013.7916792246408,,1.8189894035458565e-12
2025-05-31,B4,1200.0,1200.0,958.7931918470256,8547.977665117303,1.8189894035458565e-12
2025-06-01,B1,1200.0,1200.0,,,0.0
2025-06-01,B3,1200.0,1200.0,2183.336109336972,,6.59383658785373e-12
2025-06-01,B4,1200.0,1200.0,2039.275105349076,30257.979169667888,1.8189894035458565e-12
2025-06-02,B1,1200.0,1200.0,,,0.0
2025-06-02,B3,1200.0,1200.0,1418.3684970749157,,2.0008883439004418e-11
2025-06-02,B4,1200.0,1200.0,606.1742624757351,4052.490440862314,1.8189894035458565e-12
2025-06-03,B1,1200.0,1200.0,,,0.0
2025-06-03,B3,1200.0,1200.0,3100.3864261743456,,7.275957614183426e-12
2025-06-03,B4,1200.0,1200.0,2936.421127642905,34901.60449019556,3.637978807091713e-12
2025-06-04,B1,1200.0,1200.0,,,0.0
2025-06-04,B3,1200.0,1200.0,4400.512248125762,,1.091393642127514e-11
2025-06-04,B4,1200.0,1200.0,3106.2669184822066,27763.198286362283,1.8189894035458565e-12
2025-06-05,B1,1200.0,1200.0,,,0.0
2025-06-05,B3,1200.0,1200.0,4660.507272579234,,2.7284841053187847e-12
2025-06-05,B4,1200.0,1200.0,1748.831171472525,17346.2223740308,1.8189894035458565e-12
2025-06-06,B1,1200.0,1200.0,,,0.0
2025-06-06,B3,1200.0,1200.0,1587.8031053784102,,1.8189894035458565e-12
2025-06-06,B4,1200.0,1200.0,696.2583531948283,8011.484877993686,1.8189894035458565e-12
2025-06-07,B1,1200.0,1209.768669127881,,,0.0
2025-06-07,B3,1200.0,1209.768669127881,1610.280159827564,,1.8189894035458565e-12
2025-06-07,B4,1200.0,1209.768669127881,821.5920717599099,8917.411532617,9.094947017729282e-13
2025-06-08,B1,1209.768669127881,1391.923513185465,,,0.0
2025-06-08,B3,1209.768669127881,1343.2290948464629,3600.191831049533,,8.981260180007666e-12
2025-06-08,B4,1209.768669127881,1337.8292571969184,2273.251574854596,24862.74308912797,1.8189894035458565e-12
2025-06-09,B1,1391.923513185465,1200.0,,,0.0
2025-06-09,B3,1343.2290948464629,1200.0,1858.5697298115624,,3.865352482534945e-12
2025-06-09,B4,1337.8292571969184,1200.0,1067.398252335801,11081.13215602217,1.8189894035458565e-12
2025-06-10,B1,1200.0,1207.8975771655153,,,0.0
2025-06-10,B3,1200.0,1208.410480596736,1653.0694751104595,,3.979039320256561e-12
2025-06-10,B4,1200.0,1208.410480596736,820.3520826985775,7980.3282722086915,1.8189894035458565e-12
2025-06-11,B1,1207.8975771655153,1240.369377906366,,,0.0
2025-06-11,B3,1208.410480596736,1240.3693779063651,2585.8588861549188,,1.318767317570746e-11
2025-06-11,B4,1208.410480596736,1240.3693779063651,862.5972446299309,8606.303061720131,1.8189894035458565e-12
2025-06-12,B1,1240.369377906366,1234.8127082170795,,,0.0
2025-06-12,B3,1240.3693779063651,1239.8367837149951,2227.13246736796,,1.864464138634503e-11
2025-06-12,B4,1240.3693779063651,1239.8367837149951,1136.0147942069066,12495.99993937926,1.8189894035458565e-12
2025-06-13,B1,1234.8127082170795,1498.8895349421246,,,0.0
2025-06-13,B3,1239.8367837149951,1519.7745621772438,1386.3242757251642,,8.58335624798201e-12
2025-06-13,B4,1239.8367837149951,1529.7002422405976,924.9349711290618,10598.792943349648,1.8189894035458565e-12
2025-06-14,B1,1498.8895349421246,1259.0453217302356,,,0.0
2025-06-14,B3,1519.7745621772438,1266.1694242548351,2226.5310885081767,,1.7280399333685637e-11
2025-06-14,B4,1529.7002422405976,1260.612657878148,1967.070103462648,26158.44194271008,1.8189894035458565e-12
2025-06-15,B1,1259.0453217302356,1497.1178454387618,,,0.0
2025-06-15,B3,1266.1694242548351,1560.4158065132845,4064.379371427885,,2.364686224609613e-11
2025-06-15,B4,1260.612657878148,1464.3212137626438,3004.691935547371,30563.10751042392,1.8189894035458565e-12
2025-06-16,B1,1497.1178454387618,1200.0,,,0.0
2025-06-16,B3,1560.4158065132845,1200.0,6156.733909478048,,5.9117155615240335e-12
2025-06-16,B4,1464.3212137626438,1200.0,1786.7102540988649,17052.22820809787,2.0463630789890885e-12
2025-06-17,B1,1200.0,1203.9708375549335,,,0.0
2025-06-17,B3,1200.0,1200.0,5401.75218037801,,2.319211489520967e-11
2025-06-17,B4,1200.0,1200.0,3641.9297786355737,31490.81143279404,1.8189894035458565e-12
2025-06-18,B1,1203.9708375549335,1472.4447247988146,,,0.0
2025-06-18,B3,1200.0,1433.8911483650772,4791.44159103027,,1.318767317570746e-11
2025-06-18,B4,1200.0,1420.1979044981722,3740.150686812975,33989.1004263733,1.8189894035458565e-12
2025-06-19,B1,1472.4447247988146,1200.0,,,0.0
2025-06-19,B3,1433.8911483650772,1200.0,4802.884842588932,,2.9558577807620168e-12
2025-06-19,B4,1420.1979044981722,1200.0,3194.903438261568,25756.22813855003,1.8189894035458565e-12
2025-06-20,B1,1200.0,1755.4300831172902,,,0.0
2025-06-20,B3,1200.0,1686.6175434552574,2021.3326285869011,,1.091393642127514e-11
2025-06-20,B4,1200.0,1780.4766467055304,1507.9306434572502,17863.569662096703,1.8189894035458565e-12
2025-06-21,B1,1755.4300831172902,1257.3666252504847,,,0.0
2025-06-21,B3,1686.6175434552574,1257.3666252504847,630.4253680438944,,6.366462912410498e-12
2025-06-21,B4,1780.4766467055304,1259.3289802284755,535.2048352658645,8868.939671719043,1.8189894035458565e-12
2025-06-22,B1,1257.3666252504847,1200.0,,,0.0
2025-06-22,B3,1257.3666252504847,1200.0,5621.571857629558,,2.7284841053187847e-12
2025-06-22,B4,1259.3289802284755,1200.0,4366.134946544133,52377.54241553233,1.8189894035458565e-12
2025-06-23,B1,1200.0,1341.657707689902,,,0.0
2025-06-23,B3,1200.0,1437.8396945320433,2805.005136732273,,2.7284841053187847e-12
2025-06-23,B4,1200.0,1542.6413962726092,2733.609058547995,27823.96051811408,1.8189894035458565e-12
2025-06-24,B1,1341.657707689902,1470.8595975852386,,,0.0
2025-06-24,B3,1437.8396945320433,1525.777548285571,4654.741912583008,,2.7284841053187847e-12
2025-06-24,B4,1542.6413962726092,1391.9077483996389,3168.971237776488,26618.71981187805,1.8189894035458565e-12
2025-06-25,B1,1470.8595975852386,1259.81042859184,,,0.0
2025-06-25,B3,1525.777548285571,1342.4014727680642,3463.978086008464,,1.0800249583553524e-11
2025-06-25,B4,1391.9077483996389,1302.7349584541755,3161.0085268332537,38742.5379995423,1.8189894035458565e-12
2025-06-26,B1,1259.81042859184,1200.0,,,0.0
2025-06-26,B3,1342.4014727680642,1200.0,4163.673012528496,,4.320099833421409e-12
2025-06-26,B4,1302.7349584541755,1200.0,1776.105490973178,13052.179512966655,1.8189894035458565e-12
2025-06-27,B1,1200.0,1369.2503912288105,,,0.0
2025-06-27,B3,1200.0,1315.191021437253,2511.1245119531286,,4.774847184307873e-12
2025-06-27,B4,1200.0,1316.5742090335534,1449.377980780845,15427.596554886948,1.8189894035458565e-12
2025-06-28,B1,1369.2503912288105,1219.5771487291593,,,0.0
2025-06-28,B3,1315.191021437253,1224.1324369066556,941.4279349368323,,4.547473508864641e-12
2025-06-28,B4,1316.5742090335534,1219.9671315068288,877.210064447014,8302.2101049932,1.8189894035458565e-12
2025-06-29,B1,1219.5771487291593,1200.0,,,0.0
2025-06-29,B3,1224.1324369066556,1284.3128873766784,5153.686040583126,,2.387423592153937e-12
2025-06-29,B4,1219.9671315068288,1200.0,3733.975380661696,28374.11885515659,1.8189894035458565e-12
2025-06-30,B1,1200.0,1200.0,,,0.0
2025-06-30,B3,1284.3128873766784,1200.0,4678.590385621001,,6.821210263296962e-12
2025-06-30,B4,1200.0,1200.0,1668.526868891446,15952.317301149564,1.8189894035458565e-12
2025-07-01,B1,1200.0,1200.0,,,0.0
2025-07-01,B3,1200.0,1200.0,1839.0109624903632,,7.275957614183426e-12
2025-07-01,B4,1200.0,1200.0,1206.781721824054,11857.517717797718,1.8189894035458565e-12
2025-07-02,B1,1200.0,1200.0,,,0.0
2025-07-02,B3,1200.0,1200.0,1556.1870224340878,,1.1141310096718373e-11
2025-07-02,B4,1200.0,1200.0,1146.7214585393904,11918.466543837309,1.8189894035458565e-12
2025-07-03,B1,1200.0,1200.0,,,0.0
2025-07-03,B3,1200.0,1200.0,2259.3217049844425,,8.185452315956354e-12
2025-07-03,B4,1200.0,1200.0,852.1844902447859,9928.9261501907,1.8189894035458565e-12
2025-07-04,B1,1200.0,1200.0,,,0.0
2025-07-04,B3,1200.0,1200.0,1557.5277640552947,,1.8189894035458565e-12
2025-07-04,B4,1200.0,1200.0,1247.628954328441,6969.323216319451,1.8189894035458565e-12
2025-07-05,B1,1200.0,1200.0,,,0.0
2025-07-05,B3,1200.0,1200.0,1830.692280182613,,1.8189894035458565e-12
2025-07-05,B4,1200.0,1200.0,901.5802715800802,8051.160109864897,1.8189894035458565e-12
2025-07-06,B1,1200.0,1200.0,,,0.0
2025-07-06,B3,1200.0,1200.0,5927.086569951911,,2.250999386887997e-11
2025-07-06,B4,1200.0,1200.0,4029.401773485996,52176.69907590134,1.8189894035458565e-12
2025-07-07,B1,1200.0,1200.0,,,0.0
2025-07-07,B3,1200.0,1200.0,2410.983626072526,,1.807620719773695e-11
2025-07-07,B4,1200.0,1200.0,1285.3332943686655,14194.775040372591,1.8189894035458565e-12
2025-07-08,B1,1200.0,1628.9264291916006,,,0.0
2025-07-08,B3,1200.0,1594.4164670918617,2836.842398340222,,4.320099833421409e-12
2025-07-08,B4,1200.0,1594.4164670918635,1733.189885313055,11732.91460925431,1.8189894035458565e-12
2025-07-09,B1,1628.9264291916006,1797.3123523535132,,,0.0
2025-07-09,B3,1594.4164670918617,1732.3073479462787,1561.697795087025,,6.821210263296962e-12
2025-07-09,B4,1594.4164670918635,1732.3073479462792,981.8241445550896,9129.877732171051,1.8189894035458565e-12
2025-07-10,B1,1797.3123523535132,1200.0,,,0.0
2025-07-10,B3,1732.3073479462787,1276.68168567932,2764.570578744612,,2.9899638320785016e-11
2025-07-10,B4,1732.3073479462792,1276.68168567932,1242.3574103675392,12321.646337704013,1.8189894035458565e-12
2025-07-11,B1,1200.0,1959.761645225261,,,0.0
2025-07-11,B3,1276.68168567932,1897.6336789078828,1152.0506206213688,,9.094947017729282e-13
2025-07-11,B4,1276.68168567932,1867.708532512853,812.0106945495404,7643.860279944507,1.8189894035458565e-12
2025-07-12,B1,1959.761645225261,1228.884457913406,,,0.0
2025-07-12,B3,1897.6336789078828,1285.9381962493887,2029.829876643977,,1.8189894035458565e-12
2025-07-12,B4,1867.708532512853,1228.8844579134063,1294.8863772966097,13968.292030562076,1.8189894035458565e-12
2025-07-13,B1,1228.884457913406,1560.9764192281652,,,0.0
2025-07-13,B3,1285.9381962493887,1367.760628679208,2822.2834105845545,,6.59383658785373e-12
2025-07-13,B4,1228.8844579134063,1349.265987686868,2291.281539389522,13376.68560699009,2.7284841053187847e-12
2025-07-14,B1,1560.9764192281652,1200.0,,,0.0
2025-07-14,B3,1367.760628679208,1200.0,1745.8693405199183,,1.6370904631912708e-11
2025-07-14,B4,1349.265987686868,1200.0,1044.8796462783985,9421.633873931476,2.501110429875553e-12
2025-07-15,B1,1200.0,1204.5441094166454,,,0.0
2025-07-15,B3,1200.0,1221.6896953407252,2446.9601142416886,,1.8189894035458565e-12
2025-07-15,B4,1200.0,1221.6896953407252,904.4133787540164,8820.77170245064,1.8189894035458565e-12
2025-07-16,B1,1204.5441094166454,1391.036099239822,,,0.0
2025-07-16,B3,1221.6896953407252,1427.8197496428024,3880.3125766976254,,1.2732925824820995e-11
2025-07-16,B4,1221.6896953407252,1427.8197496428031,1477.5086414890477,15003.534935468504,1.8189894035458565e-12
2025-07-17,B1,1391.036099239822,1200.0,,,0.0
2025-07-17,B3,1427.8197496428024,1200.0,1714.574650718609,,1.2732925824820995e-11
2025-07-17,B4,1427.8197496428031,1200.0,994.1311183147684,11938.25370099749,2.0463630789890885e-12
2025-07-18,B1,1200.0,1772.0305026886383,,,0.0
2025-07-18,B3,1200.0,1886.2614808059643,3812.5539268733887,,1.8189894035458565e-12
2025-07-18,B4,1200.0,1648.8868728025768,2040.6575590008576,15480.914397152366,1.8189894035458565e-12
2025-07-19,B1,1772.0305026886383,1200.0,,,0.0
2025-07-19,B3,1886.2614808059643,1200.0,2402.534938746606,,1.8189894035458565e-12
2025-07-19,B4,1648.8868728025768,1200.0,1104.816351454544,8026.151157084973,1.8189894035458565e-12
2025-07-20,B1,1200.0,1344.1333098568737,,,0.0
2025-07-20,B3,1200.0,1344.6841249748716,2295.347085025434,,8.515144145349039e-11
2025-07-20,B4,1200.0,1281.8266950870766,1796.8003798344705,27668.98572495373,1.8189894035458565e-12
2025-07-21,B1,1344.1333098568737,1830.9621269282693,,,0.0
2025-07-21,B3,1344.6841249748716,1851.2222839411156,3831.539143840884,,3.637978807091713e-12
2025-07-21,B4,1281.8266950870766,1851.2222839411136,1855.4043546991643,18150.48966639893,1.8189894035458565e-12
2025-07-22,B1,1830.9621269282693,1200.0,,,0.0
2025-07-22,B3,1851.2222839411156,1200.0,3624.735211679535,,7.617018127348274e-12
2025-07-22,B4,1851.2222839411136,1200.0,2556.802880144756,28118.777001099777,1.8189894035458565e-12
2025-07-23,B1,1200.0,1356.5324711332942,,,0.0
2025-07-23,B3,1200.0,1471.1877647882864,1495.261556409932,,6.139089236967266e-12
2025-07-23,B4,1200.0,1471.1877647882866,747.4974035248624,7223.440308318329,1.8189894035458565e-12
2025-07-24,B1,1356.5324711332942,1373.698885683128,,,0.0
2025-07-24,B3,1471.1877647882864,1439.9426289033856,2933.6739511457463,,3.0013325158506625e-11
2025-07-24,B4,1471.1877647882866,1439.9426289033856,964.9167943390316,9570.441471926546,1.8189894035458565e-12
2025-07-25,B1,1373.698885683128,1570.5258210589966,,,0.0
2025-07-25,B3,1439.9426289033856,1638.6393502890987,1429.0704189922717,,1.8189894035458565e-12
2025-07-25,B4,1439.9426289033856,1638.6393502890987,1151.0535908778163,8307.063470161336,1.8189894035458565e-12
2025-07-26,B1,1570.5258210589966,1231.03861945711,,,0.0
2025-07-26,B3,1638.6393502890987,1270.066747759005,1467.1317540260486,,1.8189894035458565e-12
2025-07-26,B4,1638.6393502890987,1270.066747759005,1327.2123186365468,14760.408907705778,2.501110429875553e-12
2025-07-27,B1,1231.03861945711,1327.6137569215266,,,0.0
2025-07-27,B3,1270.066747759005,1257.4478045806034,4984.97293943944,,2.8421709430404007e-11
2025-07-27,B4,1270.066747759005,1200.0,2817.466119094691,31403.013845528145,1.8189894035458565e-12
2025-07-28,B1,1327.6137569215266,1222.5507276505928,,,0.0
2025-07-28,B3,1257.4478045806034,1200.0,3171.6670573406204,,1.1993961379630491e-11
2025-07-28,B4,1200.0,1200.0,1486.0053933443,10354.168971339235,1.8189894035458565e-12
2025-07-29,B1,1222.5507276505928,1565.94550678119,,,0.0
2025-07-29,B3,1200.0,1484.8894845838722,6935.086190075407,,1.8189894035458565e-12
2025-07-29,B4,1200.0,1493.788460009845,3153.0481027892806,25778.33375496409,1.8189894035458565e-12
2025-07-30,B1,1565.94550678119,1587.2920295058093,,,0.0
2025-07-30,B3,1484.8894845838722,1575.656995489167,3222.634567164589,,1.034550223266706e-11
2025-07-30,B4,1493.788460009845,1635.2167516921795,1590.4569373615534,10453.026504476567,1.8189894035458565e-12
2025-07-31,B1,1587.2920295058093,1200.0,,,0.0
2025-07-31,B3,1575.656995489167,1200.0,5714.217395226369,,8.640199666842818e-12
2025-07-31,B4,1635.2167516921795,1200.0,3675.542913608034,35564.31256492252,1.8189894035458565e-12
2025-08-01,B1,1200.0,1200.0,,,0.0
2025-08-01,B3,1200.0,1252.4439613155116,3203.3657505208557,,1.8189894035458565e-12
2025-08-01,B4,1200.0,1206.0022186986823,594.8174557851111,6341.623636443618,1.8189894035458565e-12
2025-08-02,B1,1200.0,1200.0,,,0.0
2025-08-02,B3,1252.4439613155116,1200.0,1615.5981243694446,,4.888534022029489e-12
2025-08-02,B4,1206.0022186986823,1200.0,685.5618133436936,7090.683801103029,1.8189894035458565e-12
2025-08-03,B1,1200.0,1200.0,,,0.0
2025-08-03,B3,1200.0,1213.253584381959,3495.0458498082635,,1.8189894035458565e-12
2025-08-03,B4,1200.0,1200.0,2346.791507304207,27765.438898146465,1.8189894035458565e-12
2025-08-04,B1,1200.0,1492.0205638363143,,,0.0
2025-08-04,B3,1213.253584381959,1200.0,4965.8193886264335,,1.3642420526593924e-11
2025-08-04,B4,1200.0,1356.262278706802,3649.896288530188,39135.32375474292,1.8189894035458565e-12
2025-08-05,B1,1492.0205638363143,1487.919844675124,,,0.0
2025-08-05,B3,1200.0,1517.2244877346552,4184.7845729549645,,9.77706804405898e-12
2025-08-05,B4,1356.262278706802,1690.515182367714,1504.453821340723,21818.101007691366,1.8189894035458565e-12
2025-08-06,B1,1487.919844675124,1200.0,,,0.0
2025-08-06,B3,1517.2244877346552,1509.905391618209,3364.054856030798,,8.29913915367797e-12
2025-08-06,B4,1690.515182367714,1528.1104672621043,1227.722858779747,20015.919946699534,1.8189894035458565e-12
2025-08-07,B1,1200.0,1200.0,,,0.0
2025-08-07,B3,1509.905391618209,1200.0,3278.2136017922217,,2.7966962079517543e-11
2025-08-07,B4,1528.1104672621043,1223.058034726834,2545.840576255924,26307.203535542147,1.8189894035458565e-12
2025-08-08,B1,1200.0,1372.419833768275,,,0.0
2025-08-08,B3,1200.0,1334.883178185258,3971.309001149066,,1.8189894035458565e-12
2025-08-08,B4,1223.058034726834,1459.6561750966198,2073.0949735401005,16473.916748943764,1.8189894035458565e-12
2025-08-09,B1,1372.419833768275,1237.1525333711195,,,0.0
2025-08-09,B3,1334.883178185258,1253.082751388878,2078.4549527312706,,1.8189894035458565e-12
2025-08-09,B4,1459.6561750966198,1253.0827513888785,1040.052287458948,11423.77542837778,1.8189894035458565e-12
2025-08-10,B1,1237.1525333711195,1319.5027311816991,,,0.0
2025-08-10,B3,1253.082751388878,1236.7285860123195,1075.0426214893866,,8.105871529551223e-11
2025-08-10,B4,1253.0827513888785,1242.725831035829,1008.3784746512806,10910.746613405714,1.8189894035458565e-12
2025-08-11,B1,1319.5027311816991,1256.45249679632,,,0.0
2025-08-11,B3,1236.7285860123195,1247.986682774375,3887.301714735584,,5.2295945351943366e-12
2025-08-11,B4,1242.725831035829,1200.0,2396.846238497475,25860.15222167316,1.8189894035458565e-12
2025-08-12,B1,1256.45249679632,1270.7678451970278,,,0.0
2025-08-12,B3,1247.986682774375,1242.0431327062593,4102.110335218252,,1.659827830735594e-11
2025-08-12,B4,1200.0,1316.76302995725,2512.730870981113,28812.879640912342,1.8189894035458565e-12
2025-08-13,B1,1270.7678451970278,1350.5951439345945,,,0.0
2025-08-13,B3,1242.0431327062593,1265.0406535517864,3870.281637214339,,8.412825991399586e-12
2025-08-13,B4,1316.76302995725,1239.04837793201,1373.609094850105,20674.03005836501,1.8189894035458565e-12
2025-08-14,B1,1350.5951439345945,1200.0,,,0.0
2025-08-14,B3,1265.0406535517864,1200.0,2932.922396187119,,8.185452315956354e-12
2025-08-14,B4,1239.04837793201,1200.0,1034.6213911026414,18089.646647648664,1.8189894035458565e-12
2025-08-15,B1,1200.0,1200.0,,,0.0
2025-08-15,B3,1200.0,1200.0,2647.445706743629,,1.8189894035458565e-12
2025-08-15,B4,1200.0,1256.7099944321794,537.44263521843,5813.324305892321,1.8189894035458565e-12
2025-08-16,B1,1200.0,1225.923512478262,,,0.0
2025-08-16,B3,1200.0,1225.923512478262,1427.8946733697665,,1.8189894035458565e-12
2025-08-16,B4,1256.7099944321794,1225.923512478262,1319.4234812242812,25354.115856583045,1.8189894035458565e-12
2025-08-17,B1,1225.923512478262,1200.0,,,0.0
2025-08-17,B3,1225.923512478262,1200.0,2766.195926310225,,1.2528289516922086e-10
2025-08-17,B4,1225.923512478262,1200.0,2420.451223629332,35062.39736269162,1.8189894035458565e-12
2025-08-18,B1,1200.0,1542.2054767273248,,,0.0
2025-08-18,B3,1200.0,1370.3871148340731,3373.918373192432,,1.0857093002414332e-11
2025-08-18,B4,1200.0,1432.996046589771,1892.8367369497143,24452.23286866407,9.094947017729282e-13
2025-08-19,B1,1542.2054767273248,1421.0632622472194,,,0.0
2025-08-19,B3,1370.3871148340731,1268.638981768917,1118.7552655088302,,1.0174971976084636e-11
2025-08-19,B4,1432.996046589771,1294.505694395214,703.3308197923642,5986.326352211799,1.8189894035458565e-12
2025-08-20,B1,1421.0632622472194,1200.0,,,0.0
2025-08-20,B3,1268.638981768917,1200.0,4792.561490404001,,2.1714186004828665e-11
2025-08-20,B4,1294.505694395214,1200.0,3067.9661352600774,34358.62499364856,1.8189894035458565e-12
2025-08-21,B1,1200.0,1200.0,,,0.0
2025-08-21,B3,1200.0,1200.0,3933.1659812266703,,1.4097167877480388e-11
2025-08-21,B4,1200.0,1200.0,3582.692086136878,42120.025481944336,1.8189894035458565e-12
2025-08-22,B1,1200.0,1200.0,,,0.0
2025-08-22,B3,1200.0,1314.3093011033982,3903.597695440222,,9.094947017729282e-13
2025-08-22,B4,1200.0,1200.0,1888.937022828217,15006.737705849811,1.8189894035458565e-12
2025-08-23,B1,1200.0,1200.0,,,0.0
2025-08-23,B3,1314.3093011033982,1200.0,1843.7187984736547,,1.8189894035458565e-12
2025-08-23,B4,1200.0,1200.0,1730.3948820788214,17759.13362320594,1.8189894035458565e-12
2025-08-24,B1,1200.0,1200.0,,,0.0
2025-08-24,B3,1200.0,1276.033520351339,2569.8655710025405,,2.148681232938543e-11
2025-08-24,B4,1200.0,1240.868573375346,2223.689556006099,26628.08661751212,1.8189894035458565e-12
2025-08-25,B1,1200.0,1577.3341406364334,,,0.0
2025-08-25,B3,1276.033520351339,1536.9460186326874,4255.786443871743,,1.1596057447604837e-11
2025-08-25,B4,1240.868573375346,1541.323618952925,3109.908901579058,40122.470408918496,1.8189894035458565e-12
2025-08-26,B1,1577.3341406364334,1643.717369262035,,,0.0
2025-08-26,B3,1536.9460186326874,1772.1480246933068,2427.4902467174893,,2.7739588404074308e-11
2025-08-26,B4,1541.323618952925,1788.3584867140034,2017.6775885976192,21699.85390100591,1.8189894035458565e-12
2025-08-27,B1,1643.717369262035,1372.9540077116608,,,0.0
2025-08-27,B3,1772.1480246933068,1259.3108477883702,4487.272353359143,,6.366462912410498e-12
2025-08-27,B4,1788.3584867140034,1238.1926315433775,3803.123383466281,42208.31047210034,2.0463630789890885e-12
2025-08-28,B1,1372.9540077116608,1200.0,,,0.0
2025-08-28,B3,1259.3108477883702,1265.0406535517864,2715.549342241224,,7.275957614183426e-12
2025-08-28,B4,1238.1926315433775,1265.0406535517864,1999.105471015073,14454.424676715504,1.8189894035458565e-12
2025-08-29,B1,1200.0,1622.18796734753,,,0.0
2025-08-29,B3,1265.0406535517864,1519.8647490141368,3827.75815042647,,1.8189894035458565e-12
2025-08-29,B4,1265.0406535517864,1531.576254628294,2147.615975250064,19283.810492696284,1.8189894035458565e-12
2025-08-30,B1,1622.18796734753,1200.665821869923,,,0.0
2025-08-30,B3,1519.8647490141368,1200.665821869923,1819.40949807978,,1.8189894035458565e-12
2025-08-30,B4,1531.576254628294,1200.665821869923,1632.5153493140574,21304.52355088671,1.8189894035458565e-12
2025-08-31,B1,1200.665821869923,1200.0,,,0.0
2025-08-31,B3,1200.665821869923,1255.3083892265488,2230.627718640165,,6.457412382587789e-11
2025-08-31,B4,1200.665821869923,1247.19813446843,2039.2196614276763,34966.97334364529,1.8189894035458565e-12
2025-09-01,B1,1200.0,2928.8259014262167,,,0.0
2025-09-01,B3,1255.3083892265488,3539.1014503402985,1210.4100910894608,,1.4551915228366852e-11
2025-09-01,B4,1247.19813446843,3458.9789749098936,787.8557831371684,7910.792586951658,1.8189894035458565e-12
2025-09-02,B1,2928.8259014262167,2407.31733260292,,,0.0
2025-09-02,B3,3539.1014503402985,3044.036818555531,1346.546003065113,,1.8189894035458565e-12
2025-09-02,B4,3458.9789749098936,3027.754155830476,933.0832291350094,8196.564579119897,1.8189894035458565e-12
2025-09-03,B1,2407.31733260292,2572.1187402499145,,,0.0
2025-09-03,B3,3044.036818555531,3028.506104168708,1354.4222138438806,,1.8189894035458565e-12
2025-09-03,B4,3027.754155830476,3025.515503020515,737.6774335467771,8316.97452200232,1.8189894035458565e-12
2025-09-04,B1,2572.1187402499145,2390.222890329512,,,0.0
2025-09-04,B3,3028.506104168708,2863.8843890232497,1313.4495589672122,,1.8189894035458565e-12
2025-09-04,B4,3025.515503020515,2782.8762278891186,869.7550874181068,8834.8409786337,1.8189894035458565e-12
2025-09-05,B1,2390.222890329512,1668.3108155436123,,,0.0
2025-09-05,B3,2863.8843890232497,1746.616335367585,349.04170057761667,,1.8189894035458565e-12
2025-09-05,B4,2782.8762278891186,1731.134756247696,282.10277560873857,1554.5459797370418,2.501110429875553e-12
2025-09-06,B1,1668.3108155436123,1465.3210621981875,,,0.0
2025-09-06,B3,1746.616335367585,1487.7455760938335,2534.917840785118,,1.8189894035458565e-12
2025-09-06,B4,1731.134756247696,1312.3423653881584,973.9232799447576,7215.877017889852,1.8189894035458565e-12
2025-09-07,B1,1465.3210621981875,1394.7845292547872,,,0.0
2025-09-07,B3,1487.7455760938335,1456.1822510666668,1593.8347066878496,,2.2851054382044825e-11
2025-09-07,B4,1312.3423653881584,1428.727216075147,1422.7219875722776,25377.131754859096,1.8189894035458565e-12
2025-09-08,B1,1394.7845292547872,1200.0,,,0.0
2025-09-08,B3,1456.1822510666668,1200.0,1693.938384162772,,9.094947017729282e-12
2025-09-08,B4,1428.727216075147,1200.0,912.2519822259092,7837.71178905268,1.8189894035458565e-12
2025-09-09,B1,1200.0,1200.0,,,0.0
2025-09-09,B3,1200.0,1200.0,1394.3174197189162,,2.9558577807620168e-12
2025-09-09,B4,1200.0,1200.0,1016.8744602562664,8827.25121889487,1.8189894035458565e-12
2025-09-10,B1,1200.0,1200.0,,,0.0
2025-09-10,B3,1200.0,1200.0,2122.2379299464483,,9.094947017729282e-13
2025-09-10,B4,1200.0,1200.0,1325.5591758812525,15859.746367999069,1.8189894035458565e-12
2025-09-11,B1,1200.0,1200.0,,,0.0
2025-09-11,B3,1200.0,1200.0,2367.4305775346115,,2.0008883439004418e-11
2025-09-11,B4,1200.0,1200.0,1577.317340728437,16173.731300881873,1.8189894035458565e-12
2025-09-12,B1,1200.0,1200.0,,,0.0
2025-09-12,B3,1200.0,1200.0,958.4945350933256,,2.273736754432321e-12
2025-09-12,B4,1200.0,1202.3943363239143,781.8387366127763,8481.156502017995,1.8189894035458565e-12
2025-09-13,B1,1200.0,1200.0,,,0.0
2025-09-13,B3,1200.0,1200.0,2095.680539923645,,1.8189894035458565e-12
2025-09-13,B4,1202.3943363239143,1200.0,1874.263835720012,20681.105592974807,1.8189894035458565e-12
2025-09-14,B1,1200.0,1200.0,,,0.0
2025-09-14,B3,1200.0,1200.0,2868.683454830119,,1.8189894035458565e-12
2025-09-14,B4,1200.0,1200.0,2421.178407005352,24682.82537811903,1.8189894035458565e-12
2025-09-15,B1,1200.0,1200.0,,,0.0
2025-09-15,B3,1200.0,1200.0,1997.2940443782625,,2.592059900052845e-11
2025-09-15,B4,1200.0,1205.6292557656152,1289.8060051913974,16107.209967149403,1.8189894035458565e-12
2025-09-16,B1,1200.0,1200.0,,,0.0
2025-09-16,B3,1200.0,1200.0,2744.377225096747,,9.322320693172514e-12
2025-09-16,B4,1205.6292557656152,1200.0,1885.586720272724,16498.859094834952,1.8189894035458565e-12
2025-09-17,B1,1200.0,1200.0,,,0.0
2025-09-17,B3,1200.0,1200.0,2422.8524032919563,,5.9117155615240335e-12
2025-09-17,B4,1200.0,1200.0,1765.4431732096318,17150.02633634899,1.8189894035458565e-12
2025-09-18,B1,1200.0,1200.0,,,0.0
2025-09-18,B3,1200.0,1200.0,1312.7546003579505,,2.9558577807620168e-12
2025-09-18,B4,1200.0,1200.0,908.7366580820404,12736.671628314134,1.8189894035458565e-12
2025-09-19,B1,1200.0,1200.0,,,0.0
2025-09-19,B3,1200.0,1200.0,688.4048890836534,,1.8189894035458565e-12
2025-09-19,B4,1200.0,1200.0,425.4024887415199,4089.346293640415,1.8189894035458565e-12
2025-09-20,B1,1200.0,1200.0,,,0.0
2025-09-20,B3,1200.0,1200.0,2695.4934646590705,,1.8189894035458565e-12
2025-09-20,B4,1200.0,1200.0,928.4970236324992,6845.292312785503,1.8189894035458565e-12
2025-09-21,B1,1200.0,1227.1063834431975,,,0.0
2025-09-21,B3,1200.0,1220.9257282981484,2737.35541195973,,1.6711965145077556e-11
2025-09-21,B4,1200.0,1220.9257282981475,1848.611618594414,16493.330579562167,1.8189894035458565e-12
2025-09-22,B1,1227.1063834431975,1200.0,,,0.0
2025-09-22,B3,1220.9257282981484,1200.0,2024.7818770068995,,5.002220859751105e-12
2025-09-22,B4,1220.9257282981475,1200.0,1649.6874228022791,15259.751216417128,1.8189894035458565e-12
2025-09-23,B1,1200.0,1200.0,,,0.0
2025-09-23,B3,1200.0,1277.643835078389,1300.8198131091774,,1.517719283583574e-11
2025-09-23,B4,1200.0,1239.5083258171896,1184.4179273484672,17853.118242376146,1.8189894035458565e-12
2025-09-24,B1,1200.0,1200.0,,,0.0
2025-09-24,B3,1277.643835078389,1200.0,1660.792687191307,,7.275957614183426e-12
2025-09-24,B4,1239.5083258171896,1200.0,1387.9871161353371,20015.941249950043,1.8189894035458565e-12
2025-09-25,B1,1200.0,1200.0,,,0.0
2025-09-25,B3,1200.0,1200.0,2141.4388746659743,,1.9099388737231493e-11
2025-09-25,B4,1200.0,1200.0,1661.5740604447242,17601.33081799007,1.8189894035458565e-12
2025-09-26,B1,1200.0,1200.0,,,0.0
2025-09-26,B3,1200.0,1200.0,443.6931258030654,,1.8189894035458565e-12
2025-09-26,B4,1200.0,1200.0,342.3567521750288,2653.7119441465284,1.8189894035458565e-12
2025-09-27,B1,1200.0,1200.0,,,0.0
2025-09-27,B3,1200.0,1200.0,1755.2267247583734,,1.8189894035458565e-12
2025-09-27,B4,1200.0,1200.0,1461.65571151505,15361.828924266818,1.8189894035458565e-12
2025-09-28,B1,1200.0,1200.0,,,0.0
2025-09-28,B3,1200.0,1200.0,4762.030892706186,,6.139089236967266e-12
2025-09-28,B4,1200.0,1200.0,3388.960727783889,45487.5388060667,9.094947017729282e-13
2025-09-29,B1,1200.0,1200.0,,,0.0
2025-09-29,B3,1200.0,1200.0,1504.0243682013063,,1.5916157281026244e-11
2025-09-29,B4,1200.0,1200.0,1131.840361306158,17044.319955042756,1.8189894035458565e-12
2025-09-30,B1,1200.0,1200.0,,,0.0
2025-09-30,B3,1200.0,1200.0,1469.2712868679723,,2.137312549166381e-11
2025-09-30,B4,1200.0,1200.0,1135.0567209007977,14698.398933864044,1.8189894035458565e-12
2025-10-01,B1,1200.0,1261.98789885135,,,0.0
2025-10-01,B3,1200.0,1246.3636844784571,1696.70794967166,,7.048583938740194e-12
2025-10-01,B4,1200.0,1247.6670827541093,1337.597812332314,15283.319835473712,1.8189894035458565e-12
2025-10-02,B1,1261.98789885135,1723.2332706307411,,,0.0
2025-10-02,B3,1246.3636844784571,1762.811252738066,1771.769041734433,,1.779199010343291e-11
2025-10-02,B4,1247.6670827541093,1732.537013629595,1367.3396807484355,15615.802822110794,1.8189894035458565e-12
2025-10-03,B1,1723.2332706307411,1361.0881678759613,,,0.0
2025-10-03,B3,1762.811252738066,1528.3104868909077,392.61379138893466,,1.8189894035458565e-12
2025-10-03,B4,1732.537013629595,1576.0104903488968,275.8845221649921,2626.104659255821,1.8189894035458565e-12
2025-10-04,B1,1361.0881678759613,1509.3479544182549,,,0.0
2025-10-04,B3,1528.3104868909077,1451.171452826305,1444.110347681141,,9.094947017729282e-13
2025-10-04,B4,1576.0104903488968,1384.1136714732145,743.8036408824265,6930.467557346649,1.8189894035458565e-12
2025-10-05,B1,1509.3479544182549,1200.0,,,0.0
2025-10-05,B3,1451.171452826305,1276.473691452551,4089.733680103632,,5.1159076974727205e-12
2025-10-05,B4,1384.1136714732145,1253.50627736933,2823.9562317749333,21156.70739060455,1.8189894035458565e-12
2025-10-06,B1,1200.0,1200.0,,,0.0
2025-10-06,B3,1276.473691452551,1251.3984868338614,1843.061394918725,,2.12594386539422e-11
2025-10-06,B4,1253.50627736933,1235.0342996145314,1528.5178686425893,17114.30367926048,1.8189894035458565e-12
2025-10-07,B1,1200.0,1358.5354185512736,,,0.0
2025-10-07,B3,1251.3984868338614,1257.8291440881883,1589.2921999916464,,1.8189894035458565e-12
2025-10-07,B4,1235.0342996145314,1300.7679141286726,1306.373717787254,14915.779471707276,1.8189894035458565e-12
2025-10-08,B1,1358.5354185512736,1200.0,,,0.0
2025-10-08,B3,1257.8291440881883,1200.0,1184.1025906203115,,5.6843418860808015e-12
2025-10-08,B4,1300.7679141286726,1200.0,804.3225537642,12160.002622483824,1.8189894035458565e-12
2025-10-09,B1,1200.0,1200.0,,,0.0
2025-10-09,B3,1200.0,1200.0,1055.2132162165583,,1.091393642127514e-11
2025-10-09,B4,1200.0,1200.0,760.375850224372,11146.82945067992,1.8189894035458565e-12
2025-10-10,B1,1200.0,1200.0,,,0.0
2025-10-10,B3,1200.0,1200.0,388.71732689198143,,1.8189894035458565e-12
2025-10-10,B4,1200.0,1200.0,308.948461907,2750.401316236106,1.8189894035458565e-12
2025-10-11,B1,1200.0,1200.0,,,0.0
2025-10-11,B3,1200.0,1200.0,1257.4766684627243,,1.8189894035458565e-12
2025-10-11,B4,1200.0,1200.0,1164.851943582928,21325.664632611028,1.8189894035458565e-12
2025-10-12,B1,1200.0,1200.0,,,0.0
2025-10-12,B3,1200.0,1200.0,1510.4192028258312,,2.7284841053187847e-12
2025-10-12,B4,1200.0,1200.0,1074.78109800786,15177.83901851614,3.637978807091713e-12
2025-10-13,B1,1200.0,1200.0,,,0.0
2025-10-13,B3,1200.0,1200.0,1126.533528369108,,5.3773874242324376e-11
2025-10-13,B4,1200.0,1200.0,863.2849622786856,12286.824091368417,1.8189894035458565e-12
2025-10-14,B1,1200.0,1200.0,,,0.0
2025-10-14,B3,1200.0,1200.0,1959.384830459751,,5.5706550483591855e-12
2025-10-14,B4,1200.0,1200.0,1743.5467066704496,18733.74171147916,1.8189894035458565e-12
2025-10-15,B1,1200.0,1200.0,,,0.0
2025-10-15,B3,1200.0,1200.0,1752.8665250713982,,1.0231815394945444e-11
2025-10-15,B4,1200.0,1200.0,1382.2868607039454,15999.539744942304,1.8189894035458565e-12
2025-10-16,B1,1200.0,1200.0,,,0.0
2025-10-16,B3,1200.0,1200.0,1616.6453879869648,,8.071765478234738e-12
2025-10-16,B4,1200.0,1200.0,1468.3004865042565,16150.669331719871,1.8189894035458565e-12
2025-10-17,B1,1200.0,1200.0,,,0.0
2025-10-17,B3,1200.0,1200.0,475.7776490877567,,9.094947017729282e-13
2025-10-17,B4,1200.0,1200.0,379.9910899190975,2990.9544149728413,1.8189894035458565e-12
2025-10-18,B1,1200.0,1200.0,,,0.0
2025-10-18,B3,1200.0,1200.0,781.8066747684134,,1.8189894035458565e-12
2025-10-18,B4,1200.0,1200.0,355.7312048516745,4191.909300080822,1.8189894035458565e-12
2025-10-19,B1,1200.0,1200.0,,,0.0
2025-10-19,B3,1200.0,1200.0,3498.4231569175367,,6.798472895752639e-11
2025-10-19,B4,1200.0,1200.0,2986.5137226394377,54335.090208776,1.8189894035458565e-12
2025-10-20,B1,1200.0,1200.0,,,0.0
2025-10-20,B3,1200.0,1200.0,1400.6335661760572,,1.0004441719502209e-11
2025-10-20,B4,1200.0,1200.0,1053.305913842288,11683.257581105192,1.8189894035458565e-12
2025-10-21,B1,1200.0,1200.0,,,0.0
2025-10-21,B3,1200.0,1200.0,1602.5434212459518,,5.4569682106375694e-12
2025-10-21,B4,1200.0,1200.0,1229.1215414735625,18157.5205032439,1.8189894035458565e-12
2025-10-22,B1,1200.0,1200.0,,,0.0
2025-10-22,B3,1200.0,1200.0,1996.756116344883,,3.5129232855979347e-11
2025-10-22,B4,1200.0,1200.0,1579.2699189009086,18719.24638239858,1.8189894035458565e-12
2025-10-23,B1,1200.0,1200.0,,,0.0
2025-10-23,B3,1200.0,1200.0,2242.8988645233376,,1.1709744285326451e-11
2025-10-23,B4,1200.0,1200.0,1432.7818895434625,16223.290233867268,1.8189894035458565e-12
2025-10-24,B1,1200.0,1200.0,,,0.0
2025-10-24,B3,1200.0,1200.0,555.2418299233351,,1.8189894035458565e-12
2025-10-24,B4,1200.0,1200.0,274.8479845238986,1365.6287645070647,1.8189894035458565e-12
2025-10-25,B1,1200.0,1200.0,,,0.0
2025-10-25,B3,1200.0,1200.0,1347.8807276898317,,1.8189894035458565e-12
2025-10-25,B4,1200.0,1200.0,712.1430634530626,10547.84140225018,1.8189894035458565e-12
2025-10-26,B1,1200.0,1200.0,,,0.0
2025-10-26,B3,1200.0,1200.0,2376.6329747716,,3.5470293369144195e-11
2025-10-26,B4,1200.0,1200.0,2146.972919322653,27295.92346244368,1.8189894035458565e-12
2025-10-27,B1,1200.0,1200.0,,,0.0
2025-10-27,B3,1200.0,1200.0,1944.3789714308,,9.094947017729282e-12
2025-10-27,B4,1200.0,1200.0,1374.0209052137905,18963.95890957215,1.8189894035458565e-12
2025-10-28,B1,1200.0,1200.0,,,0.0
2025-10-28,B3,1200.0,1200.0,917.4889604678424,,2.6147972675971687e-11
2025-10-28,B4,1200.0,1200.0,392.2217694133949,3764.697520496334,1.8189894035458565e-12
2025-10-29,B1,1200.0,1200.0,,,0.0
2025-10-29,B3,1200.0,1200.0,1498.7348969734587,,1.4495071809506044e-11
2025-10-29,B4,1200.0,1200.0,878.0305930376813,11171.58487869819,1.8189894035458565e-12
2025-10-30,B1,1200.0,1200.0,,,0.0
2025-10-30,B3,1200.0,1200.0,2275.406068589561,,9.094947017729282e-12
2025-10-30,B4,1200.0,1200.0,1534.8559634651704,17787.392646454533,1.8189894035458565e-12
2025-10-31,B1,1200.0,1200.0,,,0.0
2025-10-31,B3,1200.0,1200.0,336.610504304884,,1.8189894035458565e-12
2025-10-31,B4,1200.0,1200.0,247.5216458099532,2252.169984341253,1.8189894035458565e-12
2025-11-01,B1,1200.0,1200.0,,,0.0
2025-11-01,B3,1200.0,1200.0,1565.6920208326396,,1.8189894035458565e-12
2025-11-01,B4,1200.0,1200.0,1336.7072561453938,16902.454781901757,1.8189894035458565e-12
2025-11-02,B1,1200.0,1200.0,,,0.0
2025-11-02,B3,1200.0,1200.0,2927.5727845394517,,8.640199666842818e-12
2025-11-02,B4,1200.0,1200.0,2595.361379426255,41118.74609036514,1.8189894035458565e-12
2025-11-03,B1,1200.0,1200.0,,,0.0
2025-11-03,B3,1200.0,1200.0,1694.99327468783,,2.364686224609613e-11
2025-11-03,B4,1200.0,1200.0,1324.068629769431,11941.710992763685,1.8189894035458565e-12
2025-11-04,B1,1200.0,1200.0,,,0.0
2025-11-04,B3,1200.0,1206.476585820477,919.6987453973966,,1.0174971976084636e-11
2025-11-04,B4,1200.0,1200.0,684.7495078005055,7046.223050099527,3.637978807091713e-12
2025-11-05,B1,1200.0,1200.0,,,0.0
2025-11-05,B3,1206.476585820477,1200.9170620653335,1287.277663084261,,8.86757334228605e-12
2025-11-05,B4,1200.0,1200.0,991.0487242143288,7872.81628509686,3.637978807091713e-12
2025-11-06,B1,1200.0,1200.0,,,0.0
2025-11-06,B3,1200.9170620653335,1200.0,1371.3692573727033,,7.275957614183426e-12
2025-11-06,B4,1200.0,1200.0,773.305663897457,8351.496013561811,1.8189894035458565e-12
2025-11-07,B1,1200.0,1200.0,,,0.0
2025-11-07,B3,1200.0,1200.0,544.5672835388164,,1.8189894035458565e-12
2025-11-07,B4,1200.0,1200.0,414.83197003370094,3915.520274058649,1.8189894035458565e-12
2025-11-08,B1,1200.0,1200.0,,,0.0
2025-11-08,B3,1200.0,1200.0,1497.2054749534595,,1.8189894035458565e-12
2025-11-08,B4,1200.0,1200.0,1315.4620396346463,15785.63237898553,2.0463630789890885e-12
2025-11-09,B1,1200.0,1200.0,,,0.0
2025-11-09,B3,1200.0,1200.0,1762.5834136023434,,1.6257217794191092e-11
2025-11-09,B4,1200.0,1200.0,1580.83242860187,29143.077951228526,1.8189894035458565e-12
2025-11-10,B1,1200.0,1227.8719429955631,,,0.0
2025-11-10,B3,1200.0,1207.567882018481,1406.0659633362436,,1.8917489796876907e-10
2025-11-10,B4,1200.0,1207.5678820184835,940.014459175606,9777.406790779492,1.8189894035458565e-12
2025-11-11,B1,1227.8719429955631,1200.0,,,0.0
2025-11-11,B3,1207.567882018481,1200.0,1459.1129786145066,,1.0004441719502209e-11
2025-11-11,B4,1207.5678820184835,1200.0,1262.6347458248408,13208.03910618555,1.8189894035458565e-12
2025-11-12,B1,1200.0,1200.0,,,0.0
2025-11-12,B3,1200.0,1200.0,814.6836789519323,,6.366462912410498e-12
2025-11-12,B4,1200.0,1200.0,674.5469376920578,7002.8759337439415,1.8189894035458565e-12
2025-11-13,B1,1200.0,1200.0,,,0.0
2025-11-13,B3,1200.0,1200.0,1584.2956904269402,,1.8189894035458565e-12
2025-11-13,B4,1200.0,1200.0,1120.1429551618344,12571.905052003523,1.8189894035458565e-12
2025-11-14,B1,1200.0,1200.0,,,0.0
2025-11-14,B3,1200.0,1200.0,559.613912649393,,1.8189894035458565e-12
2025-11-14,B4,1200.0,1200.0,351.47102343027694,3576.811027507066,1.8189894035458565e-12
2025-11-15,B1,1200.0,1208.8746292849517,,,0.0
2025-11-15,B3,1200.0,1208.8746292849517,2351.709673771467,,1.8189894035458565e-12
2025-11-15,B4,1200.0,1208.8746292849517,2216.08031602625,24170.900514680183,1.8189894035458565e-12
2025-11-16,B1,1208.8746292849517,1200.0,,,0.0
2025-11-16,B3,1208.8746292849517,1200.0,2459.2898672427677,,1.84172677109018e-11
2025-11-16,B4,1208.8746292849517,1200.0,1975.1144830782748,32196.675153759723,1.8189894035458565e-12
2025-11-17,B1,1200.0,1200.0,,,0.0
2025-11-17,B3,1200.0,1232.8537880587712,1378.4178903018278,,4.411049303598702e-11
2025-11-17,B4,1200.0,1232.8537880587712,1168.2192052541063,14734.938973970637,1.8189894035458565e-12
2025-11-18,B1,1200.0,1200.0,,,0.0
2025-11-18,B3,1232.8537880587712,1200.0,1914.0010737612972,,3.865352482534945e-12
2025-11-18,B4,1232.8537880587712,1200.0,1274.084158046294,11607.170784017106,1.8189894035458565e-12
2025-11-19,B1,1200.0,1200.0,,,0.0
2025-11-19,B3,1200.0,1200.0,1728.1107325696314,,1.8189894035458565e-12
2025-11-19,B4,1200.0,1200.0,844.7544358032395,8994.39024892151,1.8189894035458565e-12
2025-11-20,B1,1200.0,1200.0,,,0.0
2025-11-20,B3,1200.0,1200.0,1306.1242259714418,,1.2391865311656147e-11
2025-11-20,B4,1200.0,1200.0,1184.4207912288516,14633.351898322053,1.8189894035458565e-12
2025-11-21,B1,1200.0,1200.0,,,0.0
2025-11-21,B3,1200.0,1200.0,534.1936984978049,,1.8189894035458565e-12
2025-11-21,B4,1200.0,1200.8445528313396,401.7435583728753,4838.982164674671,1.8189894035458565e-12
2025-11-22,B1,1200.0,1200.0,,,0.0
2025-11-22,B3,1200.0,1200.0,2004.9356623266656,,1.8189894035458565e-12
2025-11-22,B4,1200.8445528313396,1200.0,1589.584299425445,24933.253171248376,1.8189894035458565e-12
2025-11-23,B1,1200.0,1219.713830825537,,,0.0
2025-11-23,B3,1200.0,1200.0,1572.9464992826518,,9.094947017729282e-12
2025-11-23,B4,1200.0,1200.0,1171.2115881220702,8869.345885297296,1.8189894035458565e-12
2025-11-24,B1,1219.713830825537,1200.0,,,0.0
2025-11-24,B3,1200.0,1200.0,1455.7964027364917,,2.7284841053187847e-11
2025-11-24,B4,1200.0,1200.0,1083.023184897426,12642.532710452371,1.8189894035458565e-12
2025-11-25,B1,1200.0,1200.0,,,0.0
2025-11-25,B3,1200.0,1200.0,1784.0915236981607,,1.3301360013429075e-11
2025-11-25,B4,1200.0,1200.0,862.9201233749747,9084.386991991762,1.8189894035458565e-12
2025-11-26,B1,1200.0,1200.0,,,0.0
2025-11-26,B3,1200.0,1200.0,684.7605551323715,,6.366462912410498e-12
2025-11-26,B4,1200.0,1200.0,508.12739990124135,4760.561826425367,1.8189894035458565e-12
2025-11-27,B1,1200.0,1211.674343344299,,,0.0
2025-11-27,B3,1200.0,1211.674343344299,1896.933375341941,,1.4438228390645236e-11
2025-11-27,B4,1200.0,1203.209248546737,1042.7638212251156,10201.904860490791,1.8189894035458565e-12
2025-11-28,B1,1211.674343344299,1200.0,,,0.0
2025-11-28,B3,1211.674343344299,1200.0,441.562333116595,,7.105427357601002e-12
2025-11-28,B4,1203.209248546737,1200.0,275.9825883899898,2994.676185898431,1.8189894035458565e-12
2025-11-29,B1,1200.0,1200.0,,,0.0
2025-11-29,B3,1200.0,1200.0,1913.7831411903903,,2.1998403099132705e-11
2025-11-29,B4,1200.0,1200.0,1587.48092701954,28574.10037119887,1.8189894035458565e-12
2025-11-30,B1,1200.0,1200.0,,,0.0
2025-11-30,B3,1200.0,1200.0,2334.057933133601,,2.5465851649641987e-11
2025-11-30,B4,1200.0,1200.0,2183.962300684206,35138.94556602077,1.8189894035458565e-12
2025-12-01,B1,1200.0,1200.0,,,0.0
2025-12-01,B3,1200.0,1200.0,1174.3420248119694,,3.637978807091713e-12
2025-12-01,B4,1200.0,1200.0,1084.8473882044432,12651.329403129726,3.637978807091713e-12
2025-12-02,B1,1200.0,1200.0,,,0.0
2025-12-02,B3,1200.0,1200.0,2155.524049536241,,1.2278178473934531e-11
2025-12-02,B4,1200.0,1200.0,1561.4920075462544,18345.57308112833,1.8189894035458565e-12
2025-12-03,B1,1200.0,1200.0,,,0.0
2025-12-03,B3,1200.0,1200.0,3347.364124199048,,9.322320693172514e-12
2025-12-03,B4,1200.0,1200.0,2530.6909373469043,27622.848145577213,1.8189894035458565e-12
2025-12-04,B1,1200.0,1200.0,,,0.0
2025-12-04,B3,1200.0,1200.0,2736.845063079404,,7.048583938740194e-12
2025-12-04,B4,1200.0,1200.0,1638.715481213785,19224.653392902947,1.8189894035458565e-12
2025-12-05,B1,1200.0,1200.0,,,0.0
2025-12-05,B3,1200.0,1200.0,1405.7893738724194,,9.265477274311706e-12
2025-12-05,B4,1200.0,1200.0,455.4702246171677,6848.027741856968,1.8189894035458565e-12
2025-12-06,B1,1200.0,1200.0,,,0.0
2025-12-06,B3,1200.0,1200.0,2699.2022691668603,,3.637978807091713e-12
2025-12-06,B4,1200.0,1200.0,2303.831643384493,22594.12278971213,1.8189894035458565e-12
2025-12-07,B1,1200.0,1200.0,,,0.0
2025-12-07,B3,1200.0,1200.0,3221.947742134526,,5.3432813729159526e-12
2025-12-07,B4,1200.0,1200.0,2397.562946240838,37128.62087687859,1.8189894035458565e-12
2025-12-08,B1,1200.0,1281.529485224503,,,0.0
2025-12-08,B3,1200.0,1259.5608663464384,1754.9181764569817,,7.275957614183426e-12
2025-12-08,B4,1200.0,1259.5608663464384,763.0856879261752,5612.4833153019945,1.8189894035458565e-12
2025-12-09,B1,1281.529485224503,1247.108685861246,,,0.0
2025-12-09,B3,1259.5608663464384,1261.3057799283472,1693.89735387706,,1.0004441719502209e-11
2025-12-09,B4,1259.5608663464384,1261.3057799283476,728.4349871801214,12078.4360635614,2.0463630789890885e-12
2025-12-10,B1,1247.108685861246,1200.0,,,0.0
2025-12-10,B3,1261.3057799283472,1200.0,3906.090468213736,,1.8303580873180178e-11
2025-12-10,B4,1261.3057799283476,1200.0,1638.0102872258435,19231.15361099974,2.501110429875553e-12
2025-12-11,B1,1200.0,1201.2249753961944,,,0.0
2025-12-11,B3,1200.0,1204.0710901000098,2438.4217003103035,,1.5006662579253316e-11
2025-12-11,B4,1200.0,1204.0710901000098,1425.7422222862144,13400.52646011432,1.8189894035458565e-12
2025-12-12,B1,1201.2249753961944,1247.0059839306582,,,0.0
2025-12-12,B3,1204.0710901000098,1247.005983930658,2130.8143592387773,,1.4125589586910792e-11
2025-12-12,B4,1204.0710901000098,1247.0059839306582,1485.8514462959845,19227.07539941555,1.8189894035458565e-12
2025-12-13,B1,1247.0059839306582,1200.0,,,0.0
2025-12-13,B3,1247.005983930658,1200.0,2121.91953133213,,5.4569682106375694e-12
2025-12-13,B4,1247.0059839306582,1200.0,1298.9700716829234,14423.590923795537,1.8189894035458565e-12
2025-12-14,B1,1200.0,1200.0,,,0.0
2025-12-14,B3,1200.0,1200.0,3949.4954893607182,,1.750777300912887e-11
2025-12-14,B4,1200.0,1200.0,2873.775690579847,39694.71308632404,1.8189894035458565e-12
2025-12-15,B1,1200.0,1202.0641284801409,,,0.0
2025-12-15,B3,1200.0,1203.7841055935876,3102.309351302214,,1.318767317570746e-11
2025-12-15,B4,1200.0,1209.567869261959,1312.1710542133771,10538.500714348977,3.637978807091713e-12
2025-12-16,B1,1202.0641284801409,1200.0,,,0.0
2025-12-16,B3,1203.7841055935876,1200.0,3413.7974097071965,,4.547473508864641e-12
2025-12-16,B4,1209.567869261959,1200.0,2647.413783612606,30069.84151224485,1.8189894035458565e-12
2025-12-17,B1,1200.0,1200.0,,,0.0
2025-12-17,B3,1200.0,1200.0,3860.065679677733,,4.206412995699793e-12
2025-12-17,B4,1200.0,1200.0,1710.8291642507031,19895.34062498312,1.8189894035458565e-12
2025-12-18,B1,1200.0,1200.0,,,0.0
2025-12-18,B3,1200.0,1205.8653904351063,2378.326781600207,,1.807620719773695e-11
2025-12-18,B4,1200.0,1205.8653904351063,1943.810014760977,21476.296434170148,1.8189894035458565e-12
2025-12-19,B1,1200.0,1222.636793211956,,,0.0
2025-12-19,B3,1205.8653904351063,1203.3977126430418,2011.386582806651,,3.353761712787673e-12
2025-12-19,B4,1205.8653904351063,1200.0,948.8840474366845,8559.966559804141,1.8189894035458565e-12
2025-12-20,B1,1222.636793211956,1232.4558621738092,,,0.0
2025-12-20,B3,1203.3977126430418,1232.4558621738092,2861.8371416953164,,1.2732925824820995e-11
2025-12-20,B4,1200.0,1245.8313694814271,2340.676608748979,31622.94593593446,1.8189894035458565e-12
2025-12-21,B1,1232.4558621738092,1200.0,,,0.0
2025-12-21,B3,1232.4558621738092,1200.0,1106.127982036478,,8.412825991399586e-12
2025-12-21,B4,1245.8313694814271,1200.0,722.5094514842898,7109.857514405819,1.8189894035458565e-12
2025-12-22,B1,1200.0,1200.0,,,0.0
2025-12-22,B3,1200.0,1200.0,3214.823112514553,,1.7053025658242404e-11
2025-12-22,B4,1200.0,1200.0,2638.385060103271,30974.413755630376,1.8189894035458565e-12
2025-12-23,B1,1200.0,1200.0,,,0.0
2025-12-23,B3,1200.0,1213.302805303297,3458.521491369671,,1.1141310096718373e-11
2025-12-23,B4,1200.0,1213.302805303297,1399.2762646328465,9707.223732461418,1.8189894035458565e-12
2025-12-24,B1,1200.0,1200.0,,,0.0
2025-12-24,B3,1213.302805303297,1200.0,2630.6955892074698,,6.252776074688882e-11
2025-12-24,B4,1213.302805303297,1200.0,2339.8810011150185,33316.5208539855,1.8189894035458565e-12
2025-12-25,B1,1200.0,1200.0,,,0.0
2025-12-25,B3,1200.0,1200.0,3099.869743598348,,3.149125404888764e-11
2025-12-25,B4,1200.0,1200.0,2409.450386657294,17524.702544683736,1.8189894035458565e-12
2025-12-26,B1,1200.0,1554.2741934060118,,,0.0
2025-12-26,B3,1200.0,1527.1643406081218,1424.045413062286,,6.30961949354969e-12
2025-12-26,B4,1200.0,1548.0452540143517,948.0273992207208,10963.365679007573,9.094947017729282e-13
2025-12-27,B1,1554.2741934060118,1206.420338867395,,,0.0
2025-12-27,B3,1527.1643406081218,1222.6407562528616,1548.3066712937357,,8.58335624798201e-12
2025-12-27,B4,1548.0452540143517,1200.0,1114.2077769197122,15933.7642247011,1.8189894035458565e-12
2025-12-28,B1,1206.420338867395,1253.5846603736406,,,0.0
2025-12-28,B3,1222.6407562528616,1231.4940772385426,1510.8557909056112,,1.1254996934439989e-11
2025-12-28,B4,1200.0,1220.5741234284671,1178.619396219921,16348.178141076198,1.8189894035458565e-12
2025-12-29,B1,1253.5846603736406,1200.0,,,0.0
2025-12-29,B3,1231.4940772385426,1200.0,1789.3193423165903,,2.319211489520967e-11
2025-12-29,B4,1220.5741234284671,1200.0,1665.274641199946,16478.482095911557,1.8189894035458565e-12
2025-12-30,B1,1200.0,1200.0,,,0.0
2025-12-30,B3,1200.0,1266.9102440298807,1844.907528071633,,1.0913936421275139e-10
2025-12-30,B4,1200.0,1260.580906389418,1514.819191268463,14458.429342162395,5.4569682106375694e-12
2025-12-31,B1,1200.0,1200.0,,,0.0
2025-12-31,B3,1266.9102440298807,1200.0,2170.6083481918804,,3.637978807091713e-12
2025-12-31,B4,1260.580906389418,1200.0,1631.80505742626,19169.640096271447,1.8189894035458565e-12
